"RelPath","Bytes","SHA256"
".dockerignore","340","5f41e7ccf17c635dbc68d8b4d7b88dd883f4c1a05df04680c66f3e0f28a1b8a2"
".gitattributes","640","3ff3bc225a4c202284c2d768755eef6d436861b2765de25adb90fc6456dad5be"
".github\pull_request_template.md","298","b4444b32feab8ae4864a3125f7b4e294035d0803ad4f5e760bd8ae6722da7fd4"
".github\workflows\ci.yml","2332","eb8b3506de1d6c58f0c99b709f97ca193853c065230ff5265bbd90009fc76896"
".github\workflows\publish-container.yml","823","1de4c9e207de28473ac51ceaa64ad2c6ab8f727d3ff9c15aae92401f565f796b"
".gitignore","499","8d5ac5ff3c586f529cd775ebe01f669c6ab7dcd1cdca20d41a011fd5e2d257fe"
"backend\.env.example","1027","57f5f08e42f317a468d9f2f6747ec3b457d7103b5d228145c69f8dd53b4070a6"
"backend\.gitignore","41","192b356a7a8e34714b591a66864ad7091c321f9c3a0d80c6959059eab276ca48"
"backend\ag-supabase\ARCHITECTURE.md","5694","fb5176881114421018a6fb7651c28c96dd928a55e0570d147f4fc02ff13685f2"
"backend\ag-supabase\env.example","721","cc0ef5b51422fd8c54034dc9b73dd09c12b353100c2fb46c74a5d36d987c76ae"
"backend\ag-supabase\ingest_knowledge.py","11695","a953dd1edb754a2510c69252d4d37d74ccd8f30eb55d50810e49f06499aea417"
"backend\ag-supabase\INGESTION-CONTRACT.md","3532","0c0018c7ff427a0cd53731551d0ac3059a57afc97640f3b83b6dce6536613a3e"
"backend\ag-supabase\QUICKSTART-SUPABASE.md","2041","d0bf8fca76517a4e7a0a95a881fc9d91a9f742052ea3d440b32f82e1face7039"
"backend\ag-supabase\README-GEORGIY.md","7418","8b8f98b7fbe118e7b81141119e04d52a3e7ae1ce8d5188162e665b38c3e20a36"
"backend\ag-supabase\RUN-INGESTION.md","1054","aed5adb35c52dc69ea162bc252b046a815bfa093c47ef1c7e36a4974a4f98606"
"backend\ag-supabase\schema.sql","4686","125f8c89b9609211fc77f9168225563058cf9bfa104e685f4e4cbb67a23f3ca0"
"backend\ag-supabase\TEAM-HANDOFF.md","1777","7033d601b51b43774c938bb4e781ced619b33d29181d615836c3a843415e60f8"
"backend\backend\API-CONTRACT.md","1468","18540deefaa778c230bb18d86a575f69efbf9fae7b07d3227eb40b3edf9db80a"
"backend\backend\app\__init__.py","1","01ba4719c80b6fe911b091a7c05124b64eeece964e09c058ef8f9805daca546b"
"backend\backend\app\chat_store.py","4249","3cbebaf84b28666fb517331ad325c8bb67c5e8f6274fe11777bb38b19511a1e1"
"backend\backend\app\config.py","3974","402f6b4fd541966c78a7a1eb938136c659d92c1c6e9d467d9a05d6662306e83e"
"backend\backend\app\knowledge_base.py","2269","919378e0bb7b83d85d10dfa28025aa5dc803430800ffe815dfbef324f31b0565"
"backend\backend\app\local_rag.py","3338","93ecfac15166ae499e98c4dea3b4b47968fff04d4bd3a4a048412f643362fbd9"
"backend\backend\app\main.py","12331","669f529c8fa5e482d486dfa1bc915cbd70a219ba7c98342711616ed7bf535f67"
"backend\backend\app\models.py","1251","90f98eb697b416a2c920eb1d899b88f320e5058d6f335a67d44936ce99d1ca0b"
"backend\backend\app\openrouter_client.py","5121","a6edff59ff157d11a4d6a8e098e66cf50b3fb849f3158dd8a9587b3c77030404"
"backend\backend\app\prompt_builder.py","2062","ae5d2f1f872758064807ecb8a44edd594cb31e99d958bbc04c00569fe6706e96"
"backend\backend\app\questionnaire_rules.py","7543","58390c5e729c725f053eee31d1699c4304995107d08fd11531cd289940b8f365"
"backend\backend\app\rate_limiter.py","1629","2c5757dd5d889156f1e57acb547f20a0984917dc40e75f25737bf88a0c15b9df"
"backend\backend\app\request_mailer.py","5339","9bad7e1848391f4ebbb094b820b0cc16ce604627010a84548436856183769bd1"
"backend\backend\app\supabase_rag.py","3339","04a504f2a937032ac69c8b7a12b048bab28ce3712c41e4c5028f70e92e07440a"
"backend\backend\env.rag.example","834","c0cdbc63ef918adce695c648fd8a4d1345279fb8e4af2a3f2e0d1821bd887fef"
"backend\backend\RAG-BACKEND-HANDOFF.md","2794","2142fc07823c884a4968694c70fce046cbf0a928dc8a890d8ddb4db8712439b6"
"backend\CHATBOT-MANIFEST.md","1476","3124cba1f55e634597497087bd0ab1a990f2aa072450dea1bc6d52255d909b97"
"backend\Dockerfile","551","2e46c93da8d004389e142ef5eb109654b6028b35ba28c4d39b49d8830151ff1d"
"backend\knowledge\00-rik-company-and-sales.md","3749","dd6d44cdd79ce559c5c6af80d4e0aaeb340450a7374996aba9e3086c67fa496c"
"backend\knowledge\10-product-catalog.md","25183","735f6b3363cda269705fc2c87cd382805efe2c16968b94c9faaa96e69a285292"
"backend\knowledge\2026-07-28-rik-site-central-rms.md","2473","1df97e083d701793e89f79c276f1163cfce49391920a9f8cfbee6330cd54222f"
"backend\knowledge\20-pages-core-and-central.md","3418","809a20a86bb73f4cb0fe77dbfdeded201e52420eb0f010974c6b0360df3c5be1"
"backend\knowledge\21-pages-fans.md","7426","2b19668ed16397619bcd1566c39562c9df2f0183f5a56ae58b3730665857c47d"
"backend\knowledge\22-pages-duct-and-air-treatment.md","6406","612ad784b315a3c63889d444ec4dc2e5fd9bcfa247fa04e14a4f2ccffdfbeb35"
"backend\knowledge\23-pages-valves-and-ductwork.md","3930","fbb1cf8bd41ce0f8989b7d4e8b1e5b124d3832e3260a5a5765a9e2ea539e42f3"
"backend\knowledge\24-pages-special-equipment.md","6157","6f9e5fde7f205004c615971b634bf84e138b4ed20d5ead14d74a143489730247"
"backend\knowledge\25-site-links-and-updates-2026-07-21.md","2325","ec561b45e73b2b930ecc1a13c291ef44696f444d44aef9a5eaf960a3b43e4f9f"
"backend\knowledge\90-data-caveats-and-source-rules.md","2932","ed164222adde7fb5cb604e4b056a72c2678eb282a84d33f490ce50a3ebfcefad"
"backend\knowledge\knowledge-index.json","2428658","c671b3ea4b37b7fc862719493447ecabdaa09182b7b35514c73ab60e5a2b119f"
"backend\prompts\system.md","3685","f6423c4d7c8fd1e9cd57d334b2671e383b879440fc167d3e4ea7cf7ddf29c45b"
"backend\README-backend.md","698","0578514ef4628b37312010599e964be0eb3bd1887b8f7435f3bb5db4bab9efff"
"backend\requirements.lock.txt","53313","97d7eea34a038cc47b2cde1da29729a9a4d5f97a3d22180a447196e4c73a73fb"
"backend\requirements.txt","115","d8b01e912b03c1d808afd20e6dcce3c0a29b6c4ade433fd95929b26ad3df7e54"
"backend\run-chatbot-backend.ps1","1485","55fd4f9cf46eae4dd13d8c4605bc183c5d9fd7bdcbddba27577cfb55afd6cb4a"
"backend\smoke_test.py","2239","ec85bcf03ecdf6d651bd98947fa80cc5c3e1aa5501f1768c268da28859f77e85"
"backend\tests\__init__.py","1","01ba4719c80b6fe911b091a7c05124b64eeece964e09c058ef8f9805daca546b"
"backend\tests\test_chat_store.py","1135","b7c8c3018c8e7576076975f0db58e731bfdcd51e0ef7b2c097db7e3abe3c3f50"
"backend\tests\test_models.py","769","67ddba949c963cf6d5353529a100913438c0f8022ab1266a553755657f585d94"
"backend\tests\test_network.py","1281","fdecd5b50dcd47a410be7111642b456ec8297f059ffa0a9e3e97ed6322a1bef8"
"backend\tests\test_rate_limiter.py","762","73f097269b7a6bb8800bea3ab375a2b2f70ad4a2939a6984f6a950a0f43efa89"
"backend\tests\test_request_endpoint.py","1376","6becdd5e90625ef7eb06a666c6150243925e306ae0fc0b1585e2391d6d27d05f"
"backend\tests\test_request_mailer.py","666","5d6f8e0aeb517b03264c7f42a86b876a9f7c8cf88860d61f76ab4774462ddf4d"
"backend\tools\build-local-rag-index.py","3795","fe4b073d5b44f42cac4317d5b8e60e8841f1971d86922ef877548bfd95e82b52"
"CONTRIBUTING.md","715","624a4d7fbadf1a18fe7b8a1f79a5f6c88c0c380dc7f7062988304c9ef9ae9211"
"docker\nginx.conf","2141","234df1b4121998227f1e3f3dfb466186e9ccf8e4a1719382011091142eef8ab3"
"docker\rik-supervisor.conf","626","a9d3a402a801055fe9330f8eefa074a6f58738552edd52c4e9d607296f75d627"
"docker\supervisord.conf","152","834bd62d97834e80cf0bf5b425425cbae78c08fd9382e7e03b281345f7186113"
"docker-compose.yml","278","03ac5f873c816220111503f2436a79ec0deeadae64a28d23a97b643b104ca3e3"
"Dockerfile","1589","a0e2d54b195994823aada33797822807269c5a74a6a4427d0c93f40d7ade9967"
"docs\AUDIT-CLOSURE.md","933","eab6ac1d394834b8b3462bdb4e25caa7f8e3e6b2f31427287eef6096cd6898db"
"docs\REPOSITORY-SIZE.md","780","7f4b97d1862278771c79d0274216b1e6e4e5f716751330b9a0a78f5646c7af9e"
"frontend\.gitignore","253","fe718e7babb14f3cbad2d97f08889b9ce5215ed3fe0e43b2b8cfbfb3b9b844e8"
"frontend\.oxlintrc.json","245","b4d344818a1e1bf43997e4744a9153c8eef770c98b58229cd86363dabb85ded4"
"frontend\index.html","542","4883e1a370ab158bf442ded0c86ca6493e7d79719d05048169b02850b979a7ac"
"frontend\package.json","582","db03711910f00f5d518e892a2085eab11119813dfbf136732ae2016fef683d90"
"frontend\package-lock.json","45903","3950c823b284645a8d0ffa26b7383b1064df8b54a9062f30efc5ee47d70de9b9"
"frontend\PRODUCT.md","2933","5f8272e8afb44b251c25e42adae88a23a716da077024ec13d9735945994de1ac"
"frontend\public\docs\certificates\izdeliya_iz_otsinkovannoy_holodnokatnoy_goryachekatnoy_i_nerzhaveyushchey_stali.pdf","41084318","30d735709c36a2e6945f57c29618af5c1ff1e204fbcc8b8ed055e3b9b59f5027"
"frontend\public\docs\certificates\kkb_chillery_i_drugoe.pdf","4737029","cbea2e32421eafe915712bffb4e66e3a8866bdb73b582d45b92144cc70b39dcd"
"frontend\public\docs\certificates\klapany_germeticheskie_ventilyatsionnye.pdf","5494064","9bfce27b39c9fcefca9fce78a7772a4a724eb5fe71908a2586bab06d869a5b42"
"frontend\public\docs\certificates\lyuk_vstavka.pdf","7285904","a7bbb996442c0d2ff76299f9c9153dde632658f97f7c284671d3d78f42aa0ca2"
"frontend\public\docs\certificates\RIK-1-s-prilozheniem.pdf","13504819","627560c9f0e119cc051854f2c8affc650e08a91b10b7bec5a4357e0231214ba1"
"frontend\public\docs\certificates\RIK-2_RIK-3-s-prilozheniem.pdf","13946833","c64684d40938a2fc60350b1ed03ed7644a14349650bb2963c5a647b6e6dae448"
"frontend\public\docs\certificates\RIK-S_RIK-M_WR_WRN_VR_KR_KRV.pdf","4668970","acd5d9238cf2d0501583cff80fcf77f4494a0fd5398140600159cc3e061b92e0"
"frontend\public\docs\certificates\RUSSIAN-FEDERATION.pdf","28988361","5c9151c0bda884cc8914662ae7f1bc1eec1d5b17c60398c909b8c7e5e5468fc6"
"frontend\public\docs\certificates\RW_RE_RSW_RSF_MIX_VTR.pdf","4678517","12b3c242e0a10f768a554f40eeeb2a5f5d5749a5ac9a74e267d82d914bfed3d0"
"frontend\public\docs\katalog-rik.pdf","14766610","347c8d68bbe80092ccfa15c57c214202e9986c247f0b5573fa1e083f58561a94"
"frontend\public\docs\oprosnye\oprosnyj-list-central.xlsx","72179","e48aab2fee2545fae2adff26f0ce1b4be0f923a26bcc236963f985ff00372cdd"
"frontend\public\docs\oprosnye\oprosnyj-list-ventilyator.xlsx","605131","bfcc2916a8edc257b30f20bc589b8981458490fb07020d77abb8befe8cc9cbd2"
"frontend\public\downloads\bim\bim-00.rvt","36466688","6b490918eae74ac7759eea509a599e4054f95fc2720f76a04b24bd50418dfcd3"
"frontend\public\downloads\bim\bim-01.rfa","647168","5291f78afe5177acbca162a7b804857625ec92115930c2c72ed5cfe5887f6c27"
"frontend\public\downloads\bim\bim-02.rfa","696320","d6baf8be5b641d632cc70dff7ef0b5bd2093fe279762ffc140dc246ee46f0386"
"frontend\public\downloads\bim\bim-03.rfa","651264","da6404f3c6d83c36e78e22626b44aca7cfcc1723c31fb72e9f068d98d0e32c13"
"frontend\public\downloads\bim\bim-04.rfa","651264","ab23ef2770d2f989e964eda655f873ef15a47acf760b3e522be6b01d4cca37e2"
"frontend\public\downloads\bim\bim-05.rfa","655360","befe8d5bb68389f8cd16199eca461d543054668ebc6a22d2b60ad442bde292f9"
"frontend\public\downloads\bim\bim-06.rfa","663552","d11191f31f7a7c17aaa17dd1d4d53ab0b3ae65449b2cbb650bb85fd230f5b591"
"frontend\public\downloads\bim\bim-07.rfa","1097728","6daf9143a852872bb5f5db3658a2fed6603410584e4897740103ec84f7269f5e"
"frontend\public\downloads\bim\bim-08.rfa","1445888","113074df34be7e95e48179a946d2f63f262b405be3e674ea1d06b347555d3c6e"
"frontend\public\downloads\bim\bim-09.rfa","1097728","c9854016c7a36835dd3be0ca9ca2233f73404d6f425da59c68217090bed7c215"
"frontend\public\downloads\bim\bim-10.rfa","1097728","520c2bd128acf3283b206b82f8f43609dc6da8dfea15bcfb4f75e35bf6bf3304"
"frontend\public\downloads\bim\bim-11.rfa","1097728","a3e250ec0fdcdf48c01c49d10061655b300437f1aef2925808d6d70cd0494fa6"
"frontend\public\downloads\bim\bim-12.rfa","1097728","a0c254645decdcb6b4c9c61a77eeab3991c6bfd311d7d83ce292a29a1b308b79"
"frontend\public\downloads\bim\bim-13.rfa","1232896","a4b0e94866f8fd8a6a2fbde1c68c566d8c74361f0be49805cd5184149bb9dea6"
"frontend\public\downloads\bim\bim-14.rfa","1773568","aad15a873983af1a4bb5733527119717b232664b198bc3155f3164832a80ecd7"
"frontend\public\downloads\bim\bim-15.rfa","1638400","464bb3145d666f6eb72a44eeee938abf8cd527bf49f8e9f0e0c390046f7720e6"
"frontend\public\downloads\bim\bim-16.rfa","1654784","d47c2873f8271e04e8fad5e0cbd934878ab81d7bfca1dc007cd97c38804b474d"
"frontend\public\downloads\bim\bim-17.rfa","1097728","2ee17b79f89553464a173ff0f094221d8781f15fe8c8c411936cb8de6c41a487"
"frontend\public\downloads\bim\bim-18.rfa","790528","cfd43ce979d6a61c1d7ff274abfe555e4ad6f5d139aadb70f8fa449bd8ca397a"
"frontend\public\downloads\bim\bim-19.rfa","782336","00ab6b41994e979b5673f16a58e2c9c44a302498eb40ee7a6629471a0b437fee"
"frontend\public\downloads\bim\bim-20.rfa","1843200","c7b6da74fd976b253e992187c2099acf20981c2a96e11cff443811bcec6bafe9"
"frontend\public\downloads\bim\bim-21.rfa","1814528","99dbf2d5e6df8bc68f1a1e4e70e62c216d92001964ffd0372a1abeac1157b29c"
"frontend\public\downloads\bim\bim-22.rfa","2060288","83ae4689f409dbf73c4263c4e2be1d0c8b190d58d2eb05ae92955c805e13496d"
"frontend\public\downloads\bim\bim-23.rfa","1875968","d6c895309da62711c1d6e533bd81007ccfa4d1ac78e184dfb29a03ded12e12bf"
"frontend\public\downloads\bim\bim-24.rfa","1724416","235d1ec24a3c46c0b14ccb15259b261bc10701bd13343a978495e097b431fda3"
"frontend\public\downloads\bim\bim-25.rfa","3563520","3f661470f3467f694c38e59f0f3600cbb880c55f71dc34bef389b6976ab67354"
"frontend\public\downloads\bim\bim-26.rfa","3485696","c348d55e8a753fb44bc69989bd4ad3c7abd471d61764ef9b15e2c044157c0fc0"
"frontend\public\downloads\bim\bim-27.rfa","3465216","240f492192521fb98de37c3b065bdd39478a1c35ce9b1c2078114912035e8056"
"frontend\public\downloads\bim\bim-28.rfa","3485696","e7f67873febe4a7d1daed9fdf2fb3e416b995585bdf8cb20a2de2897f51e8d97"
"frontend\public\downloads\bim\bim-29.rfa","3493888","92da5d6afe4a1f13960f1ef0fa24a7888773142b99c0d82a1c296e8d0fdc45bb"
"frontend\public\downloads\bim\bim-30.rfa","3485696","00497ed99c81bf2bb12e6bdc5c093c07a7e2ff51bb99fd6db3c069db80e8aed0"
"frontend\public\downloads\bim\bim-31.rfa","3514368","f2f4df0d4ad8912d8b69c094cc7fd2475434a0ab48d3cccc36f04d0798e27715"
"frontend\public\downloads\bim\bim-32.rfa","692224","a3d73f28e5866789a353f954dbb1f967967dd7e44a0d86ac1fe8a0fe52acae26"
"frontend\public\downloads\bim\bim-33.rfa","667648","040a35bf2b6e56517583b1433cdcd34eeb6d018921c00824789fa742bbe55077"
"frontend\public\downloads\bim\bim-34.rfa","651264","6ae3c4b6aaf2671161b42d43f001546e1cf5417b3b10598124489498669549dd"
"frontend\public\downloads\bim\bim-35.rfa","544768","fbb7f3e516205cd4e355e3701a522237b36785d61d7231917d8c745ee579b902"
"frontend\public\downloads\bim\bim-36.rfa","839680","da6215a3f9d32047a2f801b7716e2b9586085c2b1c380d3fd6fdee8752a13536"
"frontend\public\downloads\bim\bim-37.rfa","651264","7de5bfac8fd42bc9c942b781622b0d9fd460fd56d8b918f1659aa388bc6d9e8d"
"frontend\public\downloads\bim\bim-38.rfa","667648","e536547246cf6fd818e42c16731df46b57a461144ad7450cd70f4bf489656838"
"frontend\public\downloads\bim\bim-39.rfa","843776","96a87429212566769e8884c153cedb30413fd36d74868b27bc0e3bfd06dd887c"
"frontend\public\downloads\bim\bim-40.rfa","684032","ae2641f2d1e47238a34216259b2adc4f5f7eb2e74dcd430f4366a5aa402c8ba2"
"frontend\public\downloads\bim\bim-41.rfa","589824","164dda9ccf151fb066cdcc03cbbd1ff47aa1efa530eaf504ce099bc893c5cdce"
"frontend\public\downloads\bim\bim-42.rfa","585728","c798fc312f89748f30cef7049d9b530dc08eec89ae0e1cc249b14c6a64befbc3"
"frontend\public\downloads\bim\bim-43.rfa","1011712","b725cb16f42b5120cec685db7f908d344ebfd07681a97e4fe991a389d8d8a4d1"
"frontend\public\downloads\bim\bim-44.rfa","610304","c603b4aca4ece68b92e0a1dd66e5d4fc6e18b3b7c79157ddc82416c61ed08e7d"
"frontend\public\downloads\bim\bim-45.rfa","577536","78384b784987bc2d1e230ad17b07d5ec791459b23d4be83c22d9d7eafc2df33e"
"frontend\public\downloads\bim\bim-46.rfa","577536","2a62f7ed5edadbc87b3b5f7e58ace60c99b2c3129ea905c9184438336ae9f87d"
"frontend\public\downloads\bim\bim-47.rfa","606208","0e9e6f1eb3b1a6f848855870bc2688a85fa01f2636d514adb31550c60a42b6bf"
"frontend\public\downloads\bim\bim-48.rfa","1024000","cbcca81e9daf3762d8b9aa4380771664bfd39c2aab13566c87198dd9ab626676"
"frontend\public\downloads\bim\bim-49.rfa","655360","66473d9ded760e02423b1901417f1789d0eff94dd409d2bfdc7a48e6265df4a7"
"frontend\public\downloads\bim\bim-50.rfa","659456","8e1cecdbed2cfd1f81f7907e1793fb3c3981e512f96339fd5083c9e30e119977"
"frontend\public\downloads\bim\bim-51.rfa","581632","b8736e67aee0b9867e536e7abb67ede6e3abbfab2e0983399b9e2919dc3635e3"
"frontend\public\downloads\bim\bim-52.rfa","598016","9a43156f592e7781860637b336b441f29edf2643e46ce2cdf5f7ea2da6518b58"
"frontend\public\downloads\bim\bim-53.rfa","1187840","582e3173a5a4011abb5a05ae5775cbf17585a49a4aec1a2088104a410e2ccf38"
"frontend\public\downloads\bim\bim-54.rfa","1069056","0ecf577ed8287e2c891c3187b69c96b08efac4d981d7373c903ca8bc71061252"
"frontend\public\downloads\bim\bim-55.rfa","610304","c603b4aca4ece68b92e0a1dd66e5d4fc6e18b3b7c79157ddc82416c61ed08e7d"
"frontend\public\downloads\bim\bim-56.rfa","651264","72a3a883c068928a78f3e6080f973f9be99e20f84f2555f9a69420d8cca27b44"
"frontend\public\downloads\bim\bim-57.rfa","704512","d2d341ae8a590f72b8b0c312a385c0c1c9012ec3d9890ee6eeff9e05ecf1f36a"
"frontend\public\downloads\bim\bim-58.rfa","688128","8b1f1974b9097e558e6f8f56854cc1afb5f8b543500acdde9681371f13234645"
"frontend\public\downloads\bim\bim-59.rfa","667648","e536547246cf6fd818e42c16731df46b57a461144ad7450cd70f4bf489656838"
"frontend\public\downloads\catalog-detali-sistem-ventilyacii.pdf","5966586","e7f382a58aeb2269d46505c918dc07c8a5b55ed7ef88468ba352d10a4cb19042"
"frontend\public\downloads\catalog-flancy-dlya-ventilyacii.pdf","3364932","e4c494175ee0d321399db7528d544e512821f82c56d7970079246443eff052e8"
"frontend\public\downloads\catalog-kruglye-vozduhovody.pdf","2677610","9fd02ff6096230d3b58bfef5e40a30ca3015adf3cd740a9040aa7915f8420bba"
"frontend\public\downloads\catalog-pryamougolnye-vozduhovody.pdf","2521685","f8615d7ec32f6b7f370f74e22ad7aac1cfcca4dff6a82e9cc04d7f6f5be7d316"
"frontend\public\downloads\oprosny-list-centralny-konditsioner.xlsx","72179","e48aab2fee2545fae2adff26f0ce1b4be0f923a26bcc236963f985ff00372cdd"
"frontend\public\downloads\oprosny-list-ventilyator.xlsx","605131","bfcc2916a8edc257b30f20bc589b8981458490fb07020d77abb8befe8cc9cbd2"
"frontend\public\downloads\RIK-company-presentation.pptx","2190303","3b747006d81060cba0af60900fdf52a1ee3c655011d098ccf4039e8eac3b9b3d"
"frontend\public\downloads\RIK-full-catalog.pdf","47180919","9586f6e08599afe3773c5e045005ce413cb3b6909c9a7ef17b1b04a4e1eac14d"
"frontend\public\downloads\RIK-full-catalog.verification.json","616","bcfa9ae6ad85219b43723a842c435305ecda1aba91b375402d799817bcd112e7"
"frontend\public\downloads\RIK-full-catalog-20260728.pdf","42515433","a61e8e3e36dcd79e5bad387aeac7372589b86de5f5688e8fca1b37b237ae57b0"
"frontend\public\downloads\tehlist\Tehlist_Adapter-Dlya-Ventilyacionnyh-Reshetok.pdf","2447952","918b49e8e417cccada5277f6c1560f84dccbdca91ab330dc787a183c85a1b9b4"
"frontend\public\downloads\tehlist\Tehlist_BAR.pdf","3050302","531af314585ad92f2440b8bf74df70e0c0ea6748575e3e15217e4acb03ce0315"
"frontend\public\downloads\tehlist\Tehlist_CK_Baktericidnaya.pdf","2640631","0a0ba4b2ccecdc5d53d7f79b0471d56802e157cf096c1483b65074f28195bb17"
"frontend\public\downloads\tehlist\Tehlist_CK_Elektro_Nagrev.pdf","2311503","3074a05a203513a6678c6c67e07f657fc6fa625f294bb34095309253bb2247e6"
"frontend\public\downloads\tehlist\Tehlist_CK_Filtracii.pdf","2568636","cb8e9082a4bba9bc8c14bc290b707cd34cf26a59f290a98c0df1629693781744"
"frontend\public\downloads\tehlist\Tehlist_CK_Freonovye_Ohlad.pdf","2841692","ebd78a3d549e70ba1dd630d03f6e7ed233d048b8f04e7dfd38495e5ff940555f"
"frontend\public\downloads\tehlist\Tehlist_CK_Gazovye_Nagrev.pdf","2897018","25a78e0752bb3976a452e682dcf8ccae97d17c3635a9864020bb2368b25d4617"
"frontend\public\downloads\tehlist\Tehlist_CK_Glikolevyj_Rekuperator.pdf","3006009","90ba1427f2d3c2670671fd2031f6a5598ffc616d00b44de60250bb644a4bb810"
"frontend\public\downloads\tehlist\Tehlist_CK_Plastinchatye_Rekup.pdf","2030326","4e18f543b30c042fe0f3492447e9de58059104085b66dec7f9f881c858dd234b"
"frontend\public\downloads\tehlist\Tehlist_CK_Rotornye_Regen.pdf","1998513","d5400139333b5693d06ffd5390096b9500655f5a7283e49c9c0678f874b1b4b9"
"frontend\public\downloads\tehlist\Tehlist_CK_Shumoglushiteli.pdf","2149206","2f46e1a896d70b4c9965134bdaebb66922a53b9fbc748d8d8dcb5add3f7b4a55"
"frontend\public\downloads\tehlist\Tehlist_CK_Smesheniya.pdf","1621111","e30d75813a69b6fdb96fd8e6a4ececdef293bae7db0a513b926589afab79fbef"
"frontend\public\downloads\tehlist\Tehlist_CK_Uvlazhniteli.pdf","2073527","45030362c195c0b0777e8b254e250df77d487fda483db8c38458ec4974339dbd"
"frontend\public\downloads\tehlist\Tehlist_CK_Ventilyatornye.pdf","7092883","deb7ef344599757bb4110b159c545b7adf53e3ed277e597f9a4cceb41ca78cf7"
"frontend\public\downloads\tehlist\Tehlist_CK_Ventilyatornye_Rezerv.pdf","2288686","ea529dd6869cec92d270543c19b40dd013a8c8e29a1e36484a9edf3020820d3c"
"frontend\public\downloads\tehlist\Tehlist_CK_Ventilyatornye_Vzryvo.pdf","4207469","cb6735576c28466d12dbd2674ac2aac98813a90dd6ee5b39e2099c855d1eea38"
"frontend\public\downloads\tehlist\Tehlist_CK_Vodyanye_Nagrev.pdf","2428138","52e027d8283004c36b57343468be2870e0760e8e00b6cd6c775d4fc19942cd61"
"frontend\public\downloads\tehlist\Tehlist_CK_Vodyanye_Ohlad.pdf","2437996","d8f0bd2c50643ca2d20397e6032f4e57d65dc0bca6563050eb141659bd97c89a"
"frontend\public\downloads\tehlist\Tehlist_CK_Zaslonka.pdf","2327149","6bfb316ea3a06c54d232e638854a5be302170e0e89443466a3a6798cb2619c4f"
"frontend\public\downloads\tehlist\Tehlist_CK_Zaslonka_Obogrev.pdf","2362905","a5dbe8e0fa182accedba6bd28c6d6413482bd6d291f2f25edbd030f5c55b94b3"
"frontend\public\downloads\tehlist\Tehlist_CK_Zaslonka_Obogrev-20260728.pdf","2899369","5cc76c7d2a40bb1710e414479815f46888ebbfc62d4090aa458373e896b45aa3"
"frontend\public\downloads\tehlist\Tehlist_Deflektor.pdf","1772053","8b7d11ee48dcaee797c5cf0897c0796c17fe7d3b2f8145c4476b3dea9af218f3"
"frontend\public\downloads\tehlist\Tehlist_Drossel-Klapan-Kruglyj.pdf","1976737","fbeb606732bc1ccc2069803274f94c98c7590a59667b9f76d1c60d92375e9e80"
"frontend\public\downloads\tehlist\Tehlist_Drossel-Klapan-Pryamougolnyj.pdf","1596567","35dbe8e8003d9dd018422f9f23a418f7a93b44fb6f08a9d79a9fb884b0e27280"
"frontend\public\downloads\tehlist\Tehlist_Flanec-Kruglyj.pdf","1358840","77771ca39872264ba66c1e834e8b221cb4a1f2a8c291b3acc736f3d4bf41bcd2"
"frontend\public\downloads\tehlist\Tehlist_Flanec-Pryamougolnyj.pdf","1807424","28e98e14660c0857b053848dadd6e9dc261079fd76e0d40951121991cebcb7df"
"frontend\public\downloads\tehlist\Tehlist_Germetic_KGV.pdf","883462","6fc9536ed2e860905ee1ab11f38ac16a8da195e6651360da16213a3efec9e216"
"frontend\public\downloads\tehlist\Tehlist_Gibkaya-Vstavka-Kruglaya.pdf","1321789","2179356b368a0fec067501a2655d17c10a7b59c4c1bf9f27ddfa2e9c4fbf273c"
"frontend\public\downloads\tehlist\Tehlist_Gibkaya-Vstavka-Pryamougolnaya.pdf","1580606","1d295e28c0df3e568cc6372c2e119646a74b7995040cb46b47e9c59638f3c9b5"
"frontend\public\downloads\tehlist\Tehlist_Inspekcionnyj-Lyuk-Dlya-Kruglogo-Kanala.pdf","1353363","43444b21cf10e84e37cd846fd6de56dc5138ce4303ebe68b7f378c84da017a5e"
"frontend\public\downloads\tehlist\Tehlist_Inspekcionnyj-Lyuk-Dlya-Pryamougolnogo-Kanala.pdf","1242079","e8dfaadd1d27e6e4a0963b90a81e3a81d97cae5d2aa734d6d0ebb295f8a3874c"
"frontend\public\downloads\tehlist\Tehlist_Kid_Kidm.pdf","1063585","425b7c3e4f0873cf2a0137be87ae2a2101e833bda0befde1677da61f2df85694"
"frontend\public\downloads\tehlist\Tehlist_Klapan-Lepestkovyj-Kl.pdf","1566237","d6a93f4ce3283465b736048da30c5e1cee27a76b703e96b65d93982acce40988"
"frontend\public\downloads\tehlist\Tehlist_Klapan-Obratnyj-Kruglyj-Ko.pdf","1607625","f9320d24c8983024bd8b9a588d991bf263953419204eb9f79d5e7caae3bbd3ba"
"frontend\public\downloads\tehlist\Tehlist_Klapan-Obratnyj-Lepestkovyj-Kol.pdf","1495637","e1d86c1d69252bc3c59a6a5be535d76dab303f03a2e658a21e2b2e04dd4a4d9d"
"frontend\public\downloads\tehlist\Tehlist_Klapan-Obratnyj-Pryamougolnyj-Kop.pdf","1499967","3fdcd904177eaad5c6026705da638296f3dea84493b5a46b81c1ffd651c9713e"
"frontend\public\downloads\tehlist\Tehlist_Klapan-Vozdushnyj-Abk.pdf","1483303","db7780dd6c95279c23457fb8f1883049b4de740ebd06516fcc8e4c42b2964596"
"frontend\public\downloads\tehlist\Tehlist_KR_Krug.pdf","768808","7b65aa314bcd4cd197137355b1f7d74bd5a80d9f6bc7f4241ff6ba825cb30f0d"
"frontend\public\downloads\tehlist\Tehlist_Krug_Kanal.pdf","9998012","badb27bf5572bde7d3920bc65eaa92240535428fc779b5a821b2d34a4915a3c7"
"frontend\public\downloads\tehlist\Tehlist_Kruglaya-Krestovina.pdf","2623623","ee3adaa00fc9d4d2deb3a990c004d25f649d71c2a567a0ccdb42f29713ec7b3b"
"frontend\public\downloads\tehlist\Tehlist_Kruglaya-Utka.pdf","1826567","e08fe146c545a0a6ceb99fae3cb34c8ee546a2e126a4696b7760ef69522f1253"
"frontend\public\downloads\tehlist\Tehlist_Kruglaya-Vrezka-V-Kruglyj-Kanal.pdf","2312298","53625092f06e4a07a3c5471643c8b2ca0843a4c7533e0a5394b45aebd1cca470"
"frontend\public\downloads\tehlist\Tehlist_Kruglaya-Vrezka-V-Pryamougolnyj-Kanal.pdf","1940338","8319a11ea4595f3f8482306f994d0f92720f9c13f4e63dba2bfa7c2420e725cb"
"frontend\public\downloads\tehlist\Tehlist_Kruglaya-Zaglushka.pdf","2251012","400fd2888a7ce334635face1b0711e16335145390973546a3d8ce4ed5299b7da"
"frontend\public\downloads\tehlist\Tehlist_Kruglyj-Nippel-Mufta.pdf","2250583","42df53e47d341def4663d2070d0fefda8797de9be2a5dc1b5e76f787f1019f7a"
"frontend\public\downloads\tehlist\Tehlist_Kruglyj-Otvod.pdf","2601521","6248f38d4a71d6609241afd5a79e66cfed86825be9a4998bc03b58d290ec55bf"
"frontend\public\downloads\tehlist\Tehlist_Kruglyj-Perehod.pdf","2786507","8b656b5f882f66c5d51215fb83010ea46e4b4c576cb272a794052b87f8fdd7c5"
"frontend\public\downloads\tehlist\Tehlist_Kruglyj-Pryamoj-Uchastok.pdf","1983923","89a131cb555b87c7bcba05b71a13ba2afc4e71e3f037002415fe80b56672d97b"
"frontend\public\downloads\tehlist\Tehlist_Kruglyj-Trojnik.pdf","2641215","7146de1da0b4f4fa2b8c9bc8fdc54670a2e871b08b2e449db2ba22e4fa3c6703"
"frontend\public\downloads\tehlist\Tehlist_KRV.pdf","860501","4be6d26256f5b561c76fff78a95025561e167c34428c89b5369dbab8a8a0e82c"
"frontend\public\downloads\tehlist\Tehlist_KRV-DU.pdf","1141913","b02dd64d283e8e8e7713f72f03227ef135a276e21712bcb182abb2f618bd010f"
"frontend\public\downloads\tehlist\Tehlist_KRV-V.pdf","3740442","877b766630a52afa21563bd9a262e42ef00f1dbb51016a5cfa2a37ceaadb00df"
"frontend\public\downloads\tehlist\Tehlist_Luk_Vstavki.pdf","611763","d77a24f9055620dfc3cabae3ca4e569e58836d5229922e57a6089786e4413f12"
"frontend\public\downloads\tehlist\Tehlist_MIX.pdf","756280","8a99ef4d7f7e65c15664987824eb2834a07ffec1f958d0d09766d0e6ea0ecbfb"
"frontend\public\downloads\tehlist\Tehlist_Nasadka-Dlya-Vybrosa-Vozduha.pdf","1499088","ea8334f5f5207833626bce0a02ff195c13e3664a7630a999416fa8443f247f1b"
"frontend\public\downloads\tehlist\Tehlist_Protivop.pdf","1120581","d9667649f659c05513539781b92411b7888d478c7c1c2362fd7e464e08cd7a40"
"frontend\public\downloads\tehlist\Tehlist_Pryamoug_Kanal.pdf","11216827","befd39398b3deba92c7d7106eb398d28de2e6a9d8ab51eaf999d8e6df21f1e98"
"frontend\public\downloads\tehlist\Tehlist_Pryamougolnaya-Krestovina.pdf","2420058","f86bd84b10285dd7f8d6fd0710f3e45dc9f959cd1bfc0b27fea513492fc7b2cc"
"frontend\public\downloads\tehlist\Tehlist_Pryamougolnaya-Utka.pdf","2141032","91e7e882ca1b7ad2879977c2a579a36514329d0c46fb6c71efc967047cdbd99c"
"frontend\public\downloads\tehlist\Tehlist_Pryamougolnaya-Vrezka-V-Kruglyj-Kanal.pdf","2184091","04e789037ef95c09d3ff86e0f878eb76478f313ba45c5579685538b1141bc5e6"
"frontend\public\downloads\tehlist\Tehlist_Pryamougolnaya-Vrezka-V-Pryamougolnyj-Kanal.pdf","1861728","114246b95e652f172d029627f372211da3b55e739402f444785d271d15d7336a"
"frontend\public\downloads\tehlist\Tehlist_Pryamougolnaya-Zaglushka.pdf","1731170","49abbd88a42d53b6b8793bbd71f00f928be642e2e77a612f672bd18688bcb7f5"
"frontend\public\downloads\tehlist\Tehlist_Pryamougolnyj-Otvod.pdf","2386762","0a6c025346502af4b2aa7062abf05e81a552265dbe0ed45e06340ee59dec37d1"
"frontend\public\downloads\tehlist\Tehlist_Pryamougolnyj-Perehod-Na-Krugloe-Sechenie.pdf","2248256","0a5f67697c3d1d4f916c36429bde7626d6fcabab0ca2df64051b13f99c9a2416"
"frontend\public\downloads\tehlist\Tehlist_Pryamougolnyj-Perehod-Na-Pryamougolnoe-Sechenie.pdf","1870343","91b58030aab04b87d073d6e50125667e40508d4b0d3b7af67b7cf5f308375ec3"
"frontend\public\downloads\tehlist\Tehlist_Pryamougolnyj-Pryamoj-Uchastok.pdf","2254967","6eaaedf49d40553fe389480764e7e76c77cd81d5b117a24309681be8af88c07c"
"frontend\public\downloads\tehlist\Tehlist_Pryamougolnyj-Trojnik.pdf","2072719","c5fa25ccf6b23474848052b1a026a6f89367be75d5f55bb1d41ac61f0522e45d"
"frontend\public\downloads\tehlist\Tehlist_RAN.pdf","1456509","2555fc3c5212425aa6712e40f3318feb6b6c410224580e15f09c92f13c22d249"
"frontend\public\downloads\tehlist\Tehlist_RE_Krug.pdf","1380793","c25a30760067f630767bbc0097244fab86be1046013ab4d91cec274d88fea47f"
"frontend\public\downloads\tehlist\Tehlist_RE_Pryamoug.pdf","1847672","12693de360edae72d2c2511b6c5714bded9de8c18b944bbbe4329979d8eb0b3c"
"frontend\public\downloads\tehlist\Tehlist_REC.pdf","1380809","8ae3021461f07f6ef6d9a43cb2f686247749ff84effa2eb8622ef88e505a528d"
"frontend\public\downloads\tehlist\Tehlist_RF_Krug.pdf","1933721","cdaf93866a48f66068c5bbe8b64cf3e124ab6ed9a942b6899990ddea455b61db"
"frontend\public\downloads\tehlist\Tehlist_RF_Pryamoug.pdf","1195119","4e18177fb9623fe074d8b08c59dfd786c69b09e634f4454bbfa5bdc0bf5e93cc"
"frontend\public\downloads\tehlist\Tehlist_RG.pdf","1699720","987b91febad41b46c1a11097dffc0dcfec2b49ef3afdfdddda19cd0741361920"
"frontend\public\downloads\tehlist\Tehlist_RIK-S,M.captioned.pdf","8641564","ac020f156937ba67e7adf7f18d9f403767bf7a5d0f85461fbffd0b6905334fe4"
"frontend\public\downloads\tehlist\Tehlist_RIK-S,M.pdf","8599020","0e54c5dd3d40c27048d8300e5e3bc46ac6c9715e4bc118eb477ce418830511e6"
"frontend\public\downloads\tehlist\Tehlist_RIK-S,M-20260728.pdf","9178307","5ae3fcee130b1f53403745f8e41c918f0c75ffaf23f4bcd468cb4fbfca43fa2b"
"frontend\public\downloads\tehlist\Tehlist_RK_RKU.pdf","1241554","6549730b86bc5666b4b2b01fa0026394181908c771914c17dd4d3009039aa9e4"
"frontend\public\downloads\tehlist\Tehlist_RKZ_Krug.pdf","1207994","c8dd8f0240cd5e23a9ca91ea92665135c973650cdd231ba2b8f0b7b6b1a47a98"
"frontend\public\downloads\tehlist\Tehlist_RKZ_RKZ_perim.pdf","2446300","458ca97fee8bd8f1d29b9ab86f374315e13102443429f404ac5453d5125e8984"
"frontend\public\downloads\tehlist\Tehlist_RKZ_RKZ_perim-20260728.pdf","2546689","44bc2fa3047b6ce6ff0dd9c810e4c016ed893379daaff22d36dd370de77ca283"
"frontend\public\downloads\tehlist\Tehlist_RMS_Dymoudaleniye.pdf","1766876","266fb718387e47010d51adf90222ce06cb6c966738f84ce4d2ab3b0dcff1f241"
"frontend\public\downloads\tehlist\Tehlist_RMS_Obshcheobmennaya.pdf","1768080","e7109183ae750aa9c08e5dbbafc9c56166d0e2513c0563afd15a8738b7459798"
"frontend\public\downloads\tehlist\Tehlist_RO.pdf","790330","e5e3e102c467dfcce9a1621a13ef55ede5c8029f22e9956435010a334b2bd909"
"frontend\public\downloads\tehlist\Tehlist_RO_Krug.pdf","1269675","0467f7a32f9a8ba91e49c2065277850d1000c3dc55e700c36cb629aa4434395e"
"frontend\public\downloads\tehlist\Tehlist_ROP.pdf","2535350","70972c93b23cbbe0450cd7e748a7c55b0656caec840f2be37a996c043e8898a5"
"frontend\public\downloads\tehlist\Tehlist_ROP-K.pdf","3281800","1db357fad66244d94c07db669c5f285f0964d6e46de82af313f2ebba7524f5cd"
"frontend\public\downloads\tehlist\Tehlist_RQ_Krug.pdf","1053993","89e060371a5694f6e4fcb378973a0a1ac7c495399bc7bd2487dc03ccfc49f5b7"
"frontend\public\downloads\tehlist\Tehlist_RQ_Pryamoug.pdf","1144663","9aa829a422f2c21c4e75fed95fb35e0239c29a146b9ad0edffb231b0d2b962e3"
"frontend\public\downloads\tehlist\Tehlist_RR.pdf","7932552","8d05f4cf0add5ad60a548d43c6159758a3507da13445b409a50adb96edd44a21"
"frontend\public\downloads\tehlist\Tehlist_RRA_I2.pdf","8226195","67c55d9ecfaf5e9265b817b725619cd92d6f22b8915b698810464edfc6a86227"
"frontend\public\downloads\tehlist\Tehlist_RRA_L5.pdf","5296637","57c2e88c5e274cec20c6a1ae082f00e415da4342ee52cae8a0da48bb4209d16e"
"frontend\public\downloads\tehlist\Tehlist_RSF.pdf","1167364","c2eb995de9476a47eeee445b1f471e87b012d5788627a7d8f085aa0916b8dd27"
"frontend\public\downloads\tehlist\Tehlist_RSW.pdf","1118134","0931f4613c0d95f6500fb5651d63bedff6aefdc58314ae844df42b6617f76f82"
"frontend\public\downloads\tehlist\Tehlist_RW_Krug.pdf","2014296","6898401fb1ee1b63c9a3d36565ed850bd5b9a4b8d4367957eb7157139c49b341"
"frontend\public\downloads\tehlist\Tehlist_RW_Pryamoug.pdf","1175407","6a41528a460c95b3d993affdee5b9c268ab5d7d5052dc8e11b8adf7424ab2db7"
"frontend\public\downloads\tehlist\Tehlist_Shiber-Kruglyj.pdf","1326325","45242afdaf7c99ab042428337c11d71ae9950a43fdaf14e9b2145ca9642d7617"
"frontend\public\downloads\tehlist\Tehlist_Shiber-Pryamougolnyj.pdf","980874","c9c88a7edd4af2a92a16f5117b768663f25b05f7a477c5052f8fba9bda488e7d"
"frontend\public\downloads\tehlist\Tehlist_Shumoglushitel-Plastinchatyj-Pryamougolnyj-Gp.pdf","1214936","1e9531690e810500ae8496543d2bd13c8b2e1de3acd9ae12eaeafd449babf9c5"
"frontend\public\downloads\tehlist\Tehlist_Shumoglushitel-Trubchatyj-Gtpi.pdf","1516627","b1d332226db1e652f7fa4a0288006ff55a89dd2a85f27699d5e8feb0df3c35fb"
"frontend\public\downloads\tehlist\Tehlist_Shumoglushitel-Trubchatyj-Kruglyj-Gtk.pdf","1291492","be5b768421420d4efc0f0fc51f7d26298b9ec61eb3fda1b52b4f998667160b4b"
"frontend\public\downloads\tehlist\Tehlist_Shumoglushitel-Trubchatyj-Pryamougolnyj-Gtp.pdf","1941466","74b184ddcb9cbf2f63f4120ac0060598af4e6cc24ec17c20c1f36964530c8b90"
"frontend\public\downloads\tehlist\Tehlist_Uzel-Prohoda.pdf","1255989","10948ee191c0db541bcdfb9b26e40385bfa8e4bf95c1a866a15246f93d947c5f"
"frontend\public\downloads\tehlist\Tehlist_VR_Pryamoug.pdf","1597416","a842d4feb19c2229e540d780895dff2f8bbd84eafd9ea16c444ddb285b8fa312"
"frontend\public\downloads\tehlist\Tehlist_VTR.pdf","1539121","2ef28112b6f5d075280ac00faafa1aa53cf8f9788359f95e5101695c0ec56435"
"frontend\public\downloads\tehlist\Tehlist_WR_WRN.pdf","1310720","042aa7493d4c29739c152b09c4cad3ec295de72761168842bac7bcfd4c735a19"
"frontend\public\downloads\tehlist\Tehlist_Zont-Kruglyj.pdf","1381820","0840a0ecf8d5cea48fbce3406887f7651698c8d75f5864f25290644eaaa10536"
"frontend\public\downloads\tehlist\Tehlist_Zont-Pryamougolnyj.pdf","1703574","318bbdb2b6d8ab62387decc2670abc1fbe1dfa1e3da1279fbca07e4bb8f6304d"
"frontend\public\downloads\tehlist-shchit-ran.pdf","542542","3b5108405c911687c68227b8e8f8979908954123bfc95e852363e1f96d3049c5"
"frontend\public\favicon.ico","13143","9d37240266e8f1de3ec4f65c2acad5c7066bd50146c3e1924c9d5935bf3680ef"
"frontend\public\favicon.svg","9522","61bc9a161de58248288e6905425d7180f0624c2865007b97d763fdac12043a66"
"frontend\public\favicon-180.png","54786","a3aa82665154e5f5d8f5fba51202444f88a592df8ab8c34707e0e16ef5cbd1a9"
"frontend\public\favicon-32.png","3374","438b8d0b39665f774b76ebe1308aa37f0cbd9e5529bc795fc8c4ca5850b7eb89"
"frontend\public\icons.svg","5031","b45fa506195cfcdef406ba9f0c77b36ddc1a7c224040926ec70abc2fdea7b93a"
"frontend\public\logo.png","321376","68967bf2f0109f6bfbca5bd0510006c7d8fe1b667eca121814b7e4cf0285a8c1"
"frontend\public\logo-white.png","105630","945d1ec1934469c2b779bb83ba44f5a6bb8fa269ef5ee79faee58b7f26eca53e"
"frontend\public\media\production-poster.webp","108228","4c0e9258bc472868568ae277e01f84ccfbc94798284e91b0fa5753fefcf809bc"
"frontend\public\media\production-video.mp4","39387759","04e52fa54d1c5a6542578dff41cbd72a29a3d8e0ee33b8e372fd725429fea540"
"frontend\public\photo\bactericidSection.png","133140","e4df19b332df8b9ed2cdae0e1e048f1b30b71841eda55d397d35a2275b0ae373"
"frontend\public\photo\catalog\_claude-ready\centralnye-ustanovki__sektsii_gazovogo_vozdukhonagrevatelya_gs.webp","37168","1b6bea429223b64f49b2a2455fb4714511da4624545a6775570f449d963f40a6"
"frontend\public\photo\catalog\_claude-ready\centralnye-ustanovki__sektsii_plastinchatykh_rekuperatorov_rp.webp","56156","1aeb7ea041b99afa295a2dea5ad0bfce4460dd948f841a136ba835a07693ba67"
"frontend\public\photo\catalog\_claude-ready\centralnye-ustanovki__sektsii_rotornykh_regeneratorov_rr.webp","36172","72d3f2372cb934db9c3f50a493cbe7b7bb802480eeecfcf7b0c54e707a330811"
"frontend\public\photo\catalog\_claude-ready\centralnye-ustanovki__sektsii_smesheniya_vozdukha_r_pu_pd_pl_pr_i_promezhutochnye_sektsii_u_.webp","45754","b95c978bcaeaea90c36e38136da141433cc2a28d956163cff2bc922803225b51"
"frontend\public\photo\catalog\_claude-ready\centralnye-ustanovki__sektsii_sotovogo_uvlazhnitelya_.webp","65888","107c5f83890b4792e4b6824a0f62eeaf0200fe2607df0f753192971dd046f99b"
"frontend\public\photo\catalog\_claude-ready\centralnye-ustanovki__sektsii_ventilyatorov_.webp","52654","74aee7ed1a4e2c16caaa4b50001f7b4829b7cfb2588625bebdefea9a988568e2"
"frontend\public\photo\catalog\_claude-ready\centralnye-ustanovki__sektsii_vodyanogo_vozdukhookhladitelya_wxx.webp","66248","48fc62fc8aa91d941c71307b5898bd024417071b2576cccf0a9af57176cc942b"
"frontend\public\photo\catalog\_claude-ready\centralnye-ustanovki__sektsiya_isparitelya_freonovogo_cxy.webp","49314","ce154d092437327903b3a8a63205d67e800ac3b75567c6e195bc1fb2e01f95d7"
"frontend\public\photo\catalog\_claude-ready\centralnye-ustanovki__tsentralnye_karkasnye_konditsionery_rik_m_i_rik_s.webp","52102","4046b5d8f6040aad09966bcc8c64476c20c7fea601b229d097bad1f662fead92"
"frontend\public\photo\catalog\_claude-ready\elektricheskie-vozduhonagrevateli-re__elektricheskie_vozdukhonagrevateli_euuu.webp","61960","bd23132ae4fcac0f4b2355aaa3fc4da623743927392a89397ccc45a89b6cffa5"
"frontend\public\photo\catalog\_claude-ready\elektricheskie-vozduhonagrevateli-re__elektricheskie_vozdukhonagrevateli_re.webp","67432","d92fcf5ca8d3e779e34304319886c2f3ea1b25e632a7798c8bbb0afada696594"
"frontend\public\photo\catalog\_claude-ready\filtry-vozdushnye-kassetnye-rf__filtry_kassetnye_rf.webp","66184","8e272a1de1590c64c219210461e8c6ec297e1972ec5add06cbb8fbea4b0ecf92"
"frontend\public\photo\catalog\_claude-ready\filtry-vozdushnye-kassetnye-rf__filtry_vozdushnye_kassetnye_.webp","32072","cb26775d0e96c926abc4fd93093f6413f73c5750ae8f9fc1c581ff59c7b8a913"
"frontend\public\photo\catalog\_claude-ready\freonovye-vozduhoohladiteli-rsf__freonovye_vozdukhookhladiteli_rsf.webp","46668","b77c6cc42837e0f513d7e3de692e25aa4da03348f1ead5fd11fd3d969b54b79f"
"frontend\public\photo\catalog\_claude-ready\gibkaya-vstavka__gibkaya_vstavka_v.webp","25980","6c0a68b30ae62cbf945bdf7ff0716953526310d8066e857d44f681ac53dcd3d4"
"frontend\public\photo\catalog\_claude-ready\kanalnoe-oborudovanie__kanalnoe_krugloe_oborudovanie.webp","23600","2143c9cceee1c03440a63c183d3211fc91f07946309e3e1a1191174b709221cd"
"frontend\public\photo\catalog\_claude-ready\kanalnoe-oborudovanie__kanalnoe_oborudovanie.webp","40308","f62f26b5e5e0f76d3d8d64a2acda8fe61f4ae8d28d3993fb664754b5026fe118"
"frontend\public\photo\catalog\_claude-ready\kanalnyj-ventilyator-kr__ventilyatory_kanalnye_.webp","15584","80e2f7057ff12433078f406a00e5defd3415c3376477664d8917bbf5650189bb"
"frontend\public\photo\catalog\_claude-ready\klapan-obratnyj-ro__obratnye_klapany_ro.webp","11616","4b74a6f149ca7d9908c8e7593b964314b32b8572d645b32c641d12259ef06ed5"
"frontend\public\photo\catalog\_claude-ready\lyuk-vstavki__lyuk_vstavki_prostye_i_usilennye.webp","20110","82865e7751abcdf300285b2d02be300d278e37b410cd5e66dd144eacc144dbdc"
"frontend\public\photo\catalog\_claude-ready\plastinchatyj-rekuperator-rec__plastinchatye_rekuperatory_rec.webp","42900","623d6ef878c1d398a3fa953c89a6cb6ff6ebca0386b29d7fe9eedf2c9c08bd94"
"frontend\public\photo\catalog\_claude-ready\protivopozharnye-klapany__klapana.webp","16976","a405a30540900c4823861ae18d8e59cbff58fc69b219f2a205b42b948024c44c"
"frontend\public\photo\catalog\_claude-ready\protivopozharnye-klapany__klapana_protivopozharnye_kanalnye_.webp","16976","a405a30540900c4823861ae18d8e59cbff58fc69b219f2a205b42b948024c44c"
"frontend\public\photo\catalog\_claude-ready\rezervnaya-sistema__rezervnaya_sistema_ventilyatsii.webp","63950","db9c02c5763963572b2d2bf91f64aa4159cdec69842ee6f7bf5dfc7c0477aca7"
"frontend\public\photo\catalog\_claude-ready\shchity-upravleniya-ran__shchity_pitaniya_i_upravleniya_ran.webp","69766","62dec7c38db50981860e1636e2c1330176c3aef31f190622fb55fb6bdfeec7df"
"frontend\public\photo\catalog\_claude-ready\shumoglushitel-rq__shumoglushiteli.webp","22426","7dbc5c5b7fa4a859bd0fc036caf884b1dc1a482f28d08cf3050a2d6c8db68eea"
"frontend\public\photo\catalog\_claude-ready\shumoglushitel-rq__shumoglushiteli_kruglye.webp","44476","748cbd6b83134c67e9b741ec561cfc43bdf6deb71696cb7105f71e27d7d730d2"
"frontend\public\photo\catalog\_claude-ready\shumoglushitel-rq__shumoglushiteli_plastinchatye_rq.webp","22426","7dbc5c5b7fa4a859bd0fc036caf884b1dc1a482f28d08cf3050a2d6c8db68eea"
"frontend\public\photo\catalog\_claude-ready\specialnye-klapany__klapan_izbytochnogo_davleniya_kid.webp","21270","13b92bbad3e6ad9a059c3993b22acc07260952fc7a686beb2c8271d1b5c56efe"
"frontend\public\photo\catalog\_claude-ready\specialnye-klapany__klapana_germeticheskie_ventilyatsionnye.webp","24062","97c1040c32ec0f630082564785435e00883dedeed17e719d352679ccf330c989"
"frontend\public\photo\catalog\_claude-ready\ventilyator-vr__ventilyatory_kanalnye_vr_s_zagnutymi_nazad_lopatkami.webp","43120","69a6850e6b42b5fe9df2b7ffd30a1a5861f1e814083f9bda4eaf199557eecf10"
"frontend\public\photo\catalog\_claude-ready\ventilyator-wr__ventilyatory_kanalnye_wr_i_wrn.webp","27784","b1fd2d7a5ab96cde090605419b090a6e8d446f8ae93908a4acc27b250df98748"
"frontend\public\photo\catalog\_claude-ready\ventilyatory__ventilyatory_dlya_obshcheobmennoy_ventilyatsii.webp","34622","03e5e3ad1d12339b9e12cffb457d123a0342be3844fe6c159633c08ce47463d3"
"frontend\public\photo\catalog\_claude-ready\ventilyatory-kryshnye-krv__kryshnye_ventilyatory_krv.webp","34622","03e5e3ad1d12339b9e12cffb457d123a0342be3844fe6c159633c08ce47463d3"
"frontend\public\photo\catalog\_claude-ready\ventilyatory-kryshnye-krv-v__ventilyatory_kryshnye_obshchepromyshlennye_krv_v.webp","28922","4db33cfa449f7af85d0484e9aaa55966adbb2ef244fcbe2d67164a3ca2a464a3"
"frontend\public\photo\catalog\_claude-ready\ventilyatory-radialnye-rr__ventilyatory_radialnye_obshchepromyshlennye_rr.webp","32284","49e837ac94f9262fdb05165adb6b3ff676dc2ab45b096ea97715998fbf63b8d4"
"frontend\public\photo\catalog\_claude-ready\vodyanye-vozduhonagrevateli-rw__vodyanye_vozdukhonagrevateli_hx.webp","56746","060538f7ddd99dbfe9a63b1ad47e1d6fd700dc9946b2a5cbd0c0869d9b7850c0"
"frontend\public\photo\catalog\_claude-ready\vodyanye-vozduhonagrevateli-rw__vodyanye_vozdukhonagrevateli_rw.webp","78800","a0513414bd9c13607a9e3951cf0ac7650227e2e8ab18e68f87da200dbaced005"
"frontend\public\photo\catalog\_claude-ready\vodyanye-vozduhoohladiteli-rsw__vodyanye_vozdukhookhladiteli_rsw.webp","62982","d14e3b4e2d39c8936f14a12da9ce7b23f273625d9ca6f23421bf99e8c393c22e"
"frontend\public\photo\catalog\_claude-ready\vozduhonagrevatel-elektricheskij-re__elektricheskie_vozdukhonagrevateli_.webp","27636","b89c58115cffb8c089e106fe511e2603d4ee7f6041b17ac91a3199ca8f140ad6"
"frontend\public\photo\catalog\_claude-ready\vozduhonagrevatel-vodyanoj-rw__vodyanye_vozdukhonagrevateli_.webp","62206","45d89e072867dbae19d00fd23b64cfa10068c8be6a729592c5ab62d37e1775ff"
"frontend\public\photo\catalog\_claude-ready\vozdushnye-filtry-karmannye-rk__vozdushnye_filtry_karmannye.webp","46862","1c110f33f15e4082446d593f844cf8ab892ff9cbf4a4d543df421c08491926a3"
"frontend\public\photo\catalog\_claude-ready\zaslonka-reguliruyushchaya-rkz__reguliruyushchie_zaslonki_rkz.webp","29290","a4aa1d17b155476e2aaa79622f1f638ea80397331ebb5e7de73a171acd7f4739"
"frontend\public\photo\catalog\_claude-ready\zaslonka-reguliruyushchaya-rkz__reguliruyushchie_zaslonki_s.webp","37724","b35ac0a56be2be98c58b08ce7d26e1a1aee2b90be4e49f4b415659e17e72b8e6"
"frontend\public\photo\catalog\_claude-ready\zaslonka-reguliruyushchaya-rkz__zaslonki_kruglye.webp","20106","c78966c4262b437b5f5951a63f5c3a1a0ddcef0c6973408eed192fe12554115d"
"frontend\public\photo\catalog\_claude-ready\zaslonka-reguliruyushchaya-rkz__zaslonki_pryamougolnye.webp","29624","0fa5c0b9cb0b5612b39f703f3d91a3c304fb4a02f64d05124fb5e000bc8df33d"
"frontend\public\photo\catalog\_claude-ready\МАНИФЕСТ-куда-вставлять.csv","7992","e2371f1631ea2ff17f01001b0a6ebc212eba2cf0491cde71a65c8a96caf0154b"
"frontend\public\photo\catalog\_claude-rework\kanalnoe-oborudovanie__kanalnoe_pryamougolnoe_oborudovanie.png","2777","513b41c31ebad33775164c2af013c25b8bbee81db2f21720b1205c0172b4dae4"
"frontend\public\photo\catalog\_claude-rework\НА-ДОРАБОТКУ-список.csv","4265","ce1b6f74595edbbc7db1eda2442c2186f4d9b56c03d617d1b78f4d36bf1d940d"
"frontend\public\photo\catalog\_flagged.txt","1742","a39a0891f2d38f7f6ce1fe48d7989f5cf5918a165db65ef086c0efebed5634a9"
"frontend\public\photo\catalog\bar-equipment.webp","37546","c9ab8e37cd5177683dd6fabc3d13c766e083e4fef34fe589bdbd00a814234438"
"frontend\public\photo\catalog\bar-product.png","1014197","9c9016b448522601f898a88ab70cb9646e8f47011770062f0326122c86c0c78c"
"frontend\public\photo\catalog\centralnye-ustanovki__sektsii_gazovogo_vozdukhonagrevatelya_gs.webp","37168","1b6bea429223b64f49b2a2455fb4714511da4624545a6775570f449d963f40a6"
"frontend\public\photo\catalog\centralnye-ustanovki__sektsii_plastinchatykh_rekuperatorov_rp.webp","56156","1aeb7ea041b99afa295a2dea5ad0bfce4460dd948f841a136ba835a07693ba67"
"frontend\public\photo\catalog\centralnye-ustanovki__sektsii_rotornykh_regeneratorov_rr.webp","36172","72d3f2372cb934db9c3f50a493cbe7b7bb802480eeecfcf7b0c54e707a330811"
"frontend\public\photo\catalog\centralnye-ustanovki__sektsii_smesheniya_vozdukha_r_pu_pd_pl_pr_i_promezhutochnye_sektsii_u_.webp","45754","b95c978bcaeaea90c36e38136da141433cc2a28d956163cff2bc922803225b51"
"frontend\public\photo\catalog\centralnye-ustanovki__sektsii_sotovogo_uvlazhnitelya_.webp","65888","107c5f83890b4792e4b6824a0f62eeaf0200fe2607df0f753192971dd046f99b"
"frontend\public\photo\catalog\centralnye-ustanovki__sektsii_ventilyatorov_.webp","52654","74aee7ed1a4e2c16caaa4b50001f7b4829b7cfb2588625bebdefea9a988568e2"
"frontend\public\photo\catalog\centralnye-ustanovki__sektsii_vodyanogo_vozdukhookhladitelya_wxx.webp","66248","48fc62fc8aa91d941c71307b5898bd024417071b2576cccf0a9af57176cc942b"
"frontend\public\photo\catalog\centralnye-ustanovki__sektsiya_isparitelya_freonovogo_cxy.webp","49314","ce154d092437327903b3a8a63205d67e800ac3b75567c6e195bc1fb2e01f95d7"
"frontend\public\photo\catalog\centralnye-ustanovki__tsentralnye_karkasnye_konditsionery_rik_m_i_rik_s.webp","52102","4046b5d8f6040aad09966bcc8c64476c20c7fea601b229d097bad1f662fead92"
"frontend\public\photo\catalog\central-units-combined.png","1483065","92151e3de0d88acd181b2e78aaf6621e2b353d8d261fb475bfa8b262cd0b3e0e"
"frontend\public\photo\catalog\channel-equipment-new.png","1740229","1254c2a4e299db7c43b091cbf590329d2c0fceeb3c89515d4385834f0952e85d"
"frontend\public\photo\catalog\chillery-teplovye-nasosy-i-gidromoduli.webp","173874","27ea59e598738c8bd6467ea3eecae5d159dd9305f207f67d6584835f5cdeb9a1"
"frontend\public\photo\catalog\duct-flanges.png","896240","961a05da3829c2a825dd0ad4dc79ac03116cd5517a25dedd44916ea8ff6d1570"
"frontend\public\photo\catalog\duct-parts.png","1376347","0beed1f1080736f5fe145a704b9cb75d722ebd19ec86d0a0bc79347274463f64"
"frontend\public\photo\catalog\duct-rect.png","1129720","1cddf11a05d5eb547086fec97813880f9d4f57caed5216e3112c685bf5b604f9"
"frontend\public\photo\catalog\duct-round.png","1381143","9015d5ad664555d332896ea95efebda1990a382cb33ec8dd57d797f3af001c83"
"frontend\public\photo\catalog\elektricheskie_vozdukhonagrevateli_.png","399893","7fdaaf9d14156ed2ca3f86a1e7a7e254dc6b050d076881cfbda8a10474efab74"
"frontend\public\photo\catalog\elektricheskie_vozdukhonagrevateli_.webp","27636","b89c58115cffb8c089e106fe511e2603d4ee7f6041b17ac91a3199ca8f140ad6"
"frontend\public\photo\catalog\elektricheskie_vozdukhonagrevateli_euuu.png","623351","1bb55d7e75b92ade3d981b79813230f84e1e711e7ad244f8206e0711486eba93"
"frontend\public\photo\catalog\elektricheskie_vozdukhonagrevateli_euuu.webp","61960","bd23132ae4fcac0f4b2355aaa3fc4da623743927392a89397ccc45a89b6cffa5"
"frontend\public\photo\catalog\elektricheskie_vozdukhonagrevateli_re.png","734874","63e271905e7b6405838649a461ce49e9d7d0f863406ad9973d9f7a1f89f84af2"
"frontend\public\photo\catalog\elektricheskie_vozdukhonagrevateli_re.webp","128038","20701c231e6aad7f0289c2a72032c1fb9196ba60e9c8b8d34e72c6722dbd8bee"
"frontend\public\photo\catalog\elektricheskie-vozduhonagrevateli-re__elektricheskie_vozdukhonagrevateli_euuu.webp","61960","bd23132ae4fcac0f4b2355aaa3fc4da623743927392a89397ccc45a89b6cffa5"
"frontend\public\photo\catalog\elektricheskie-vozduhonagrevateli-re__elektricheskie_vozdukhonagrevateli_re.webp","67432","d92fcf5ca8d3e779e34304319886c2f3ea1b25e632a7798c8bbb0afada696594"
"frontend\public\photo\catalog\filtry_kassetnye_rf.png","602940","a91637007cbcdb9b99cc947db0b4e55182b15180969fa053d3408096cfc0c9cc"
"frontend\public\photo\catalog\filtry_kassetnye_rf.webp","122320","52b9799f1fa7c049782362fc9250379a436a484a5af9c6611276ca0f6c274a08"
"frontend\public\photo\catalog\filtry_vozdushnye_kassetnye_.png","553976","8e0871bbe551d328a96b2705e84554de1fa75cb06c5b2a0b6074149b1d08a1b7"
"frontend\public\photo\catalog\filtry_vozdushnye_kassetnye_.webp","32072","cb26775d0e96c926abc4fd93093f6413f73c5750ae8f9fc1c581ff59c7b8a913"
"frontend\public\photo\catalog\filtry-vozdushnye-kassetnye-rf__filtry_kassetnye_rf.webp","66184","8e272a1de1590c64c219210461e8c6ec297e1972ec5add06cbb8fbea4b0ecf92"
"frontend\public\photo\catalog\filtry-vozdushnye-kassetnye-rf__filtry_vozdushnye_kassetnye_.webp","32072","cb26775d0e96c926abc4fd93093f6413f73c5750ae8f9fc1c581ff59c7b8a913"
"frontend\public\photo\catalog\freonovye_vozdukhookhladiteli_rsf.png","701815","23824b9048c8fd876c714fe1f891204ef1c8532b4d461a0b3f67fd7e79b2d706"
"frontend\public\photo\catalog\freonovye_vozdukhookhladiteli_rsf.webp","94724","55c08acd65beff52bd025ca09a86248ea861c74569a3d82ba71ea8b64cf93933"
"frontend\public\photo\catalog\freonovye-vozduhoohladiteli-rsf__freonovye_vozdukhookhladiteli_rsf.webp","46668","b77c6cc42837e0f513d7e3de692e25aa4da03348f1ead5fd11fd3d969b54b79f"
"frontend\public\photo\catalog\gibkaya_vstavka_v.png","396152","c2dc7207e30baf93346b538e6444408807afadc416db2431591e163bb029e452"
"frontend\public\photo\catalog\gibkaya_vstavka_v.webp","56802","62a671ba9505d8f269c379a7d15bb2e19cf950942f4eceb1f7ebdfcb3e97b189"
"frontend\public\photo\catalog\gibkaya-vstavka__gibkaya_vstavka_v.webp","25980","6c0a68b30ae62cbf945bdf7ff0716953526310d8066e857d44f681ac53dcd3d4"
"frontend\public\photo\catalog\gidromodul-rgm.png","1582367","f9bc31ff7996540c8db65ee8ac2dede976dd7c4a8aad8a3b6655ab66148d0fe2"
"frontend\public\photo\catalog\kanalnoe_krugloe_oborudovanie.png","258998","a901b2bb024e1180e544f1e0d62837090408847037d5b650d63484ad599df514"
"frontend\public\photo\catalog\kanalnoe_krugloe_oborudovanie.webp","23600","2143c9cceee1c03440a63c183d3211fc91f07946309e3e1a1191174b709221cd"
"frontend\public\photo\catalog\kanalnoe_oborudovanie.png","372093","b1406c872061ca520bcabfd596b0ed45fa26496a69de4435542e4038016f04c6"
"frontend\public\photo\catalog\kanalnoe_oborudovanie.webp","40308","f62f26b5e5e0f76d3d8d64a2acda8fe61f4ae8d28d3993fb664754b5026fe118"
"frontend\public\photo\catalog\kanalnoe-oborudovanie__kanalnoe_krugloe_oborudovanie.webp","23600","2143c9cceee1c03440a63c183d3211fc91f07946309e3e1a1191174b709221cd"
"frontend\public\photo\catalog\kanalnoe-oborudovanie__kanalnoe_oborudovanie.webp","40308","f62f26b5e5e0f76d3d8d64a2acda8fe61f4ae8d28d3993fb664754b5026fe118"
"frontend\public\photo\catalog\kanalnyj-ventilyator-kr__ventilyatory_kanalnye_.webp","15584","80e2f7057ff12433078f406a00e5defd3415c3376477664d8917bbf5650189bb"
"frontend\public\photo\catalog\kkb-rra-i2.webp","54644","8de1469516c5b90875527e39f57d5c67d8f5409c4ce02130a80a75b0777c7e70"
"frontend\public\photo\catalog\kkb-rra-l5.webp","47936","ff987b5493bd3aa7e570a635957e328119ce62495960045eb887646511c991f6"
"frontend\public\photo\catalog\klapan_izbytochnogo_davleniya_kid.png","281254","7ba5bdaef56d3f93d1291766cf3eda34ec7c6cebf271a01668bb5bcf50e43db0"
"frontend\public\photo\catalog\klapan_izbytochnogo_davleniya_kid.webp","69566","072d6b43b1e2656fe41f583c1d235128c78856fee8216cdb1e6234ce8bf0b0c8"
"frontend\public\photo\catalog\klapana.png","131623","e656fcff0bef2ce429f2d34f8874aa2d8a65ad8675d7d56396820ffc755ec3a6"
"frontend\public\photo\catalog\klapana.webp","16976","a405a30540900c4823861ae18d8e59cbff58fc69b219f2a205b42b948024c44c"
"frontend\public\photo\catalog\klapana_germeticheskie_ventilyatsionnye.png","301097","27aa1627a505a26b783a810eb58358b299a7dec7a19858971082f69a1c9ea4d7"
"frontend\public\photo\catalog\klapana_germeticheskie_ventilyatsionnye.webp","70330","56050e03d0f05ee1083baf10adc80a3b5e0b2a713ba91ac5523ea854ba0ff584"
"frontend\public\photo\catalog\klapana_protivopozharnye_kanalnye_.png","131623","e656fcff0bef2ce429f2d34f8874aa2d8a65ad8675d7d56396820ffc755ec3a6"
"frontend\public\photo\catalog\klapana_protivopozharnye_kanalnye_.webp","62898","23c9e44328b25592b151f68f13156737f85ecd9554ceebdb0bf5a4ad9845e7d3"
"frontend\public\photo\catalog\klapan-obratnyj-ro__obratnye_klapany_ro.webp","11616","4b74a6f149ca7d9908c8e7593b964314b32b8572d645b32c641d12259ef06ed5"
"frontend\public\photo\catalog\krv-du.png","391331","950021a5b6ee9bbe2fe3eeb26dbd209e6d6dcb003cac49297bc3f2f902d922fc"
"frontend\public\photo\catalog\kryshnye_ventilyatory_krv.png","508080","d035b24d960ff1169d2569ff821215b9c4c8e144fcdc654d4ea261a1d37aead6"
"frontend\public\photo\catalog\kryshnye_ventilyatory_krv.webp","66480","36845f1d756bf51155a66a5f01d1ff7269dfe9d1db5bb2221d8d9884318677d9"
"frontend\public\photo\catalog\lyuk_vstavki_prostye_i_usilennye.png","271861","c1f339b103eab3b6270026065b6775268ac9730a499a972dfcda1f211534750e"
"frontend\public\photo\catalog\lyuk_vstavki_prostye_i_usilennye.webp","55354","0fa06aadadfad0d0c9033dbd1afc2d6c2c8d685b0722d9b56a2f42d21dba66fd"
"frontend\public\photo\catalog\lyuk-vstavki__lyuk_vstavki_prostye_i_usilennye.webp","20110","82865e7751abcdf300285b2d02be300d278e37b410cd5e66dd144eacc144dbdc"
"frontend\public\photo\catalog\obratnye_klapany_ro.png","102446","1dd65487d8510c8f9e888a4707ff4c364c3afb3951812d4cc4dda4576459ca81"
"frontend\public\photo\catalog\obratnye_klapany_ro.webp","50044","2c94ab9eb464ccfd0168325d5f5ed2e3577e58287b6b5b12108f9f0c43e5aae2"
"frontend\public\photo\catalog\plastinchatye_rekuperatory_rec.png","608715","b7cec50bb012f5026b5eb0801f87ac189e0918dc76cac37f4c1b89f711561cc0"
"frontend\public\photo\catalog\plastinchatye_rekuperatory_rec.webp","94026","3c382ffeef75e54506bea1dd41c656cd0c68ae8751ec6b08ac067d64231b5397"
"frontend\public\photo\catalog\plastinchatyj-rekuperator-rec__plastinchatye_rekuperatory_rec.webp","42900","623d6ef878c1d398a3fa953c89a6cb6ff6ebca0386b29d7fe9eedf2c9c08bd94"
"frontend\public\photo\catalog\protivopozharnye-klapany__klapana.webp","16976","a405a30540900c4823861ae18d8e59cbff58fc69b219f2a205b42b948024c44c"
"frontend\public\photo\catalog\protivopozharnye-klapany__klapana_protivopozharnye_kanalnye_.webp","16976","a405a30540900c4823861ae18d8e59cbff58fc69b219f2a205b42b948024c44c"
"frontend\public\photo\catalog\reguliruyushchie_zaslonki_rkz.png","270053","824ab45df792fbc6c47c9fa79ff38ddb2493c74a99a60fb9fa9ef43967c25a52"
"frontend\public\photo\catalog\reguliruyushchie_zaslonki_rkz.webp","77866","23d5ef60bd304ee5fbca3799956b220b997c6fb2423f36b5e195d8554161bacf"
"frontend\public\photo\catalog\reguliruyushchie_zaslonki_s.png","563335","f9b2eb5bd7ba7d2b40ab521377612ead468b4c7755cd3968ab08c9f3810cdb7e"
"frontend\public\photo\catalog\reguliruyushchie_zaslonki_s.webp","37724","b35ac0a56be2be98c58b08ce7d26e1a1aee2b90be4e49f4b415659e17e72b8e6"
"frontend\public\photo\catalog\re-round.png","1021719","0c57853788a3b82a9f5245ac10e25f5d1525959c26519b142cbd1ce738470ae4"
"frontend\public\photo\catalog\rezervnaya_sistema_ventilyatsii.png","945887","9800fc3b0419203040357d5ae315a2666324e3ec250278b16c489c61b1ba951f"
"frontend\public\photo\catalog\rezervnaya_sistema_ventilyatsii.webp","63950","db9c02c5763963572b2d2bf91f64aa4159cdec69842ee6f7bf5dfc7c0477aca7"
"frontend\public\photo\catalog\rezervnaya-sistema__rezervnaya_sistema_ventilyatsii.webp","63950","db9c02c5763963572b2d2bf91f64aa4159cdec69842ee6f7bf5dfc7c0477aca7"
"frontend\public\photo\catalog\rf-round.png","1359100","664d0bccf75ec7752f39ed55176a0644decb4a4670dc0c27994b0d31a350efcc"
"frontend\public\photo\catalog\rik-m-source.png","1151669","cc89d4bdeed81ddf8140ea4709e94de834d2143417b0ec74bbc6b235801c3582"
"frontend\public\photo\catalog\rik-s-source.png","1314969","32ef3f0e54129667aa4e0ea6ece323b53141d1c752c4b7ff69272c8d10256b43"
"frontend\public\photo\catalog\rkz-obogrev.png","1027363","a07c0449f72e01dab4e19c52c978277e8526efddae756e433b560ec4cee55ba8"
"frontend\public\photo\catalog\rkz-rect.png","1103131","ff840fb8efea03cd185a7e61fecc2609a3d67200207b4bb0e82b00e6d78e8e6e"
"frontend\public\photo\catalog\rop.png","1572168","79433c3cd5b0f7a2987fccd3e7cf090aa935025ec782593558c5d1067630e1ab"
"frontend\public\photo\catalog\rop-k.png","2098674","2c4774e186839ea88b2d96d4bf804e39249590ee8c80b6fc3ac7f01f363b5574"
"frontend\public\photo\catalog\ro-rect.png","1282020","4830c491ac09ed574a0fa90c39049f2a1893c33cd12b7d3be8596955c71c68f9"
"frontend\public\photo\catalog\rq-round.png","1421540","e6cc65e653e2f2645fb2fec61b3adebbd8452be0d8ad31d55aad3aa2027e9079"
"frontend\public\photo\catalog\rw-round.png","1706105","69c26ac33dbfbd486c0137d5a9eae6e95ccf234f5f944efdf6aeac26c89cecde"
"frontend\public\photo\catalog\sektsii_gazovogo_vozdukhonagrevatelya_gs.png","619821","b6dd3611871850ec2ae5a172569fe178b13b92234cec83c8969a25d8421879c4"
"frontend\public\photo\catalog\sektsii_gazovogo_vozdukhonagrevatelya_gs.webp","37168","1b6bea429223b64f49b2a2455fb4714511da4624545a6775570f449d963f40a6"
"frontend\public\photo\catalog\sektsii_plastinchatykh_rekuperatorov_rp.png","575626","a648dd52ba960cd9432ff981d0f6877e40b70c4097bf428d1f1869c0128e72b3"
"frontend\public\photo\catalog\sektsii_plastinchatykh_rekuperatorov_rp.webp","56156","1aeb7ea041b99afa295a2dea5ad0bfce4460dd948f841a136ba835a07693ba67"
"frontend\public\photo\catalog\sektsii_rotornykh_regeneratorov_rr.png","475982","047cdce8f7c98cf0cac13f23b5d05aa6cf2bf75ede51d01130c1e4a05f799c9a"
"frontend\public\photo\catalog\sektsii_rotornykh_regeneratorov_rr.webp","36172","72d3f2372cb934db9c3f50a493cbe7b7bb802480eeecfcf7b0c54e707a330811"
"frontend\public\photo\catalog\sektsii_smesheniya_vozdukha_r_pu_pd_pl_pr_i_promezhutochnye_sektsii_u_.png","558813","81c7b3b30cecca79b8c84063df86b2849a0e4bcdbb7c92f9da184bdb673d2049"
"frontend\public\photo\catalog\sektsii_smesheniya_vozdukha_r_pu_pd_pl_pr_i_promezhutochnye_sektsii_u_.webp","45754","b95c978bcaeaea90c36e38136da141433cc2a28d956163cff2bc922803225b51"
"frontend\public\photo\catalog\sektsii_sotovogo_uvlazhnitelya_.png","638634","bd5942674fd5b5f6caf33750c5e328f98ee6b472b706a433869bae719cb40331"
"frontend\public\photo\catalog\sektsii_sotovogo_uvlazhnitelya_.webp","65888","107c5f83890b4792e4b6824a0f62eeaf0200fe2607df0f753192971dd046f99b"
"frontend\public\photo\catalog\sektsii_ventilyatorov_.png","699745","2eb774cdc466f036aea97670ab7dee0cfd60a1c14b4282ad403cc5ec5df2330b"
"frontend\public\photo\catalog\sektsii_ventilyatorov_.webp","52654","74aee7ed1a4e2c16caaa4b50001f7b4829b7cfb2588625bebdefea9a988568e2"
"frontend\public\photo\catalog\sektsii_vodyanogo_vozdukhookhladitelya_wxx.png","563266","b3405faabbe6bb9756d693b5fae06199747f5edabd61abbb6b03376ea02fe3cb"
"frontend\public\photo\catalog\sektsii_vodyanogo_vozdukhookhladitelya_wxx.webp","66248","48fc62fc8aa91d941c71307b5898bd024417071b2576cccf0a9af57176cc942b"
"frontend\public\photo\catalog\sektsiya_isparitelya_freonovogo_cxy.png","602076","e0af4042489f20f6ad2c879196fc0556f15bb23f31424d3a8037a05208d23759"
"frontend\public\photo\catalog\sektsiya_isparitelya_freonovogo_cxy.webp","49314","ce154d092437327903b3a8a63205d67e800ac3b75567c6e195bc1fb2e01f95d7"
"frontend\public\photo\catalog\shchity_pitaniya_i_upravleniya_ran.png","495127","60b57b014257fe149dde9c087483522413c8af1cbdc205231a027fd45ccc3767"
"frontend\public\photo\catalog\shchity_pitaniya_i_upravleniya_ran.webp","116070","b4aa31293e317ab1832942f86478b6de42da76910ee53f42636d534198d81c12"
"frontend\public\photo\catalog\shchity-upravleniya-ran__shchity_pitaniya_i_upravleniya_ran.webp","69766","62dec7c38db50981860e1636e2c1330176c3aef31f190622fb55fb6bdfeec7df"
"frontend\public\photo\catalog\shumoglushiteli.png","555667","eeefaf0592585c41b54f1f896a62f7d19c1a3cc1f670918167ede80b34b452fa"
"frontend\public\photo\catalog\shumoglushiteli.webp","22426","7dbc5c5b7fa4a859bd0fc036caf884b1dc1a482f28d08cf3050a2d6c8db68eea"
"frontend\public\photo\catalog\shumoglushiteli_kruglye.png","313515","79484f82a1f484ee1f4499d172b94ba97ae6e0dcf8d485ba912dbf6cfa211a09"
"frontend\public\photo\catalog\shumoglushiteli_kruglye.webp","44476","748cbd6b83134c67e9b741ec561cfc43bdf6deb71696cb7105f71e27d7d730d2"
"frontend\public\photo\catalog\shumoglushiteli_plastinchatye_rq.png","555667","eeefaf0592585c41b54f1f896a62f7d19c1a3cc1f670918167ede80b34b452fa"
"frontend\public\photo\catalog\shumoglushiteli_plastinchatye_rq.webp","55328","cd45005ae1db9cbd62bd6dec71314450f714b19184307fca03f0470b4d395504"
"frontend\public\photo\catalog\shumoglushitel-rq__shumoglushiteli.webp","22426","7dbc5c5b7fa4a859bd0fc036caf884b1dc1a482f28d08cf3050a2d6c8db68eea"
"frontend\public\photo\catalog\shumoglushitel-rq__shumoglushiteli_kruglye.webp","44476","748cbd6b83134c67e9b741ec561cfc43bdf6deb71696cb7105f71e27d7d730d2"
"frontend\public\photo\catalog\shumoglushitel-rq__shumoglushiteli_plastinchatye_rq.webp","22426","7dbc5c5b7fa4a859bd0fc036caf884b1dc1a482f28d08cf3050a2d6c8db68eea"
"frontend\public\photo\catalog\smesitelnyj-uzel-mix.webp","117260","235ed008afe31330d6c8f4357385f6cf1b3721d106abb4cafdc941cafa80e3de"
"frontend\public\photo\catalog\specialnye-klapany__klapan_izbytochnogo_davleniya_kid.webp","21270","13b92bbad3e6ad9a059c3993b22acc07260952fc7a686beb2c8271d1b5c56efe"
"frontend\public\photo\catalog\specialnye-klapany__klapana_germeticheskie_ventilyatsionnye.webp","24062","97c1040c32ec0f630082564785435e00883dedeed17e719d352679ccf330c989"
"frontend\public\photo\catalog\tsentralnye_karkasnye_konditsionery_rik_m_i_rik_s.png","477440","a8a14b123807d26a5254e56e1ea5154b2b0edfa10421ea4da38ada6544063d74"
"frontend\public\photo\catalog\tsentralnye_karkasnye_konditsionery_rik_m_i_rik_s.webp","106044","71769379475bdadf50948cee4efa25ef5de5292c8c3805429a8e84096f74e51a"
"frontend\public\photo\catalog\ventilyator-vr__ventilyatory_kanalnye_vr_s_zagnutymi_nazad_lopatkami.webp","43120","69a6850e6b42b5fe9df2b7ffd30a1a5861f1e814083f9bda4eaf199557eecf10"
"frontend\public\photo\catalog\ventilyator-wr__ventilyatory_kanalnye_wr_i_wrn.webp","27784","b1fd2d7a5ab96cde090605419b090a6e8d446f8ae93908a4acc27b250df98748"
"frontend\public\photo\catalog\ventilyatory__ventilyatory_dlya_obshcheobmennoy_ventilyatsii.webp","34622","03e5e3ad1d12339b9e12cffb457d123a0342be3844fe6c159633c08ce47463d3"
"frontend\public\photo\catalog\ventilyatory_dlya_obshcheobmennoy_ventilyatsii.png","508080","d035b24d960ff1169d2569ff821215b9c4c8e144fcdc654d4ea261a1d37aead6"
"frontend\public\photo\catalog\ventilyatory_dlya_obshcheobmennoy_ventilyatsii.webp","34622","03e5e3ad1d12339b9e12cffb457d123a0342be3844fe6c159633c08ce47463d3"
"frontend\public\photo\catalog\ventilyatory_kanalnye_.png","183941","4d34c07d5ab89d659c519cd85d10bc48aad56612c273372f7ac6b94a83bf2ad9"
"frontend\public\photo\catalog\ventilyatory_kanalnye_.webp","58826","b69aa4fdf9a1cc5854f9d631f0c033276320c8fe6337fdaf781353b8a5a23a5a"
"frontend\public\photo\catalog\ventilyatory_kanalnye_vr_s_zagnutymi_nazad_lopatkami.png","782792","160f814c161af9df547249124d2a843550a5ca3717bed39465afe4574cc582fd"
"frontend\public\photo\catalog\ventilyatory_kanalnye_vr_s_zagnutymi_nazad_lopatkami.webp","83712","cc9454b138bcc312b07bb576d1f646afde4f77b984c11d774b5575ac1028bb5d"
"frontend\public\photo\catalog\ventilyatory_kanalnye_wr_i_wrn.png","392147","272d6902330bed7c619c6f7636c44b508264e4681c29f0ad33b34dd788e1b09c"
"frontend\public\photo\catalog\ventilyatory_kanalnye_wr_i_wrn.webp","66614","9da5148ffb0ec5064d59e29f01104af18cc7f68358609d778e9b963e2145f246"
"frontend\public\photo\catalog\ventilyatory_kryshnye_obshchepromyshlennye_krv_v.png","440135","62fdd882a6644d469a01bc4697db2b46d912d2bf0719d06358558c47b29b85c0"
"frontend\public\photo\catalog\ventilyatory_kryshnye_obshchepromyshlennye_krv_v.webp","63414","7550cdafe8f31fd20b7b26a694ba45b335ab73e3e6786fc86ec1bfff9ec449ca"
"frontend\public\photo\catalog\ventilyatory_radialnye_obshchepromyshlennye_rr.png","483336","9d4a96a1ecb1b18205a03ac62dc7d3b53a5293bf319437b7a274a8c5336b1aa7"
"frontend\public\photo\catalog\ventilyatory_radialnye_obshchepromyshlennye_rr.webp","78306","63823fcebc5ba70ce6cf4335a50ea5e4a762b4ac47c0b2b85ea85ecec7c0b491"
"frontend\public\photo\catalog\ventilyatory-kryshnye-krv__kryshnye_ventilyatory_krv.webp","34622","03e5e3ad1d12339b9e12cffb457d123a0342be3844fe6c159633c08ce47463d3"
"frontend\public\photo\catalog\ventilyatory-kryshnye-krv-v__ventilyatory_kryshnye_obshchepromyshlennye_krv_v.webp","28922","4db33cfa449f7af85d0484e9aaa55966adbb2ef244fcbe2d67164a3ca2a464a3"
"frontend\public\photo\catalog\ventilyatory-radialnye-rr__ventilyatory_radialnye_obshchepromyshlennye_rr.webp","32284","49e837ac94f9262fdb05165adb6b3ff676dc2ab45b096ea97715998fbf63b8d4"
"frontend\public\photo\catalog\ventilyatsionnye-zatvory.webp","89896","ed9d114b8cd3c879daa4894160cfdcd86e5b46b637c7dc4ba4cb6b3ff6f5a729"
"frontend\public\photo\catalog\vodyanye_vozdukhonagrevateli_.png","705765","a0ac6da54e50055e9b35106af44ebc31d52fa0cb1c8076944f6f3a24f335fa99"
"frontend\public\photo\catalog\vodyanye_vozdukhonagrevateli_.webp","62206","45d89e072867dbae19d00fd23b64cfa10068c8be6a729592c5ab62d37e1775ff"
"frontend\public\photo\catalog\vodyanye_vozdukhonagrevateli_hx.png","563061","969f6fc7357b52ba008dd143f6882b89a49c64eb48b64e8caea97978c07bd012"
"frontend\public\photo\catalog\vodyanye_vozdukhonagrevateli_hx.webp","56746","060538f7ddd99dbfe9a63b1ad47e1d6fd700dc9946b2a5cbd0c0869d9b7850c0"
"frontend\public\photo\catalog\vodyanye_vozdukhonagrevateli_rw.png","697154","6a04918dcd6d0855113f9af0c024836fc9802dee3cbbfa57248813269ae7e006"
"frontend\public\photo\catalog\vodyanye_vozdukhonagrevateli_rw.webp","146778","0eb236ff8ba7a29100f1877fbd3dbf9265acad7ac85049a20b4e64f2c36e9bd5"
"frontend\public\photo\catalog\vodyanye_vozdukhookhladiteli_rsw.png","817552","bc3df6a93aa38beed2a9042a30959165e1b1bd1fe021b455371cd96dcae1fb1b"
"frontend\public\photo\catalog\vodyanye_vozdukhookhladiteli_rsw.webp","115222","72e2d0c148efc9887f12b4ba1be6188707faaac9bdf29e50cf7953fd683712fb"
"frontend\public\photo\catalog\vodyanye-vozduhonagrevateli-rw__vodyanye_vozdukhonagrevateli_hx.webp","56746","060538f7ddd99dbfe9a63b1ad47e1d6fd700dc9946b2a5cbd0c0869d9b7850c0"
"frontend\public\photo\catalog\vodyanye-vozduhonagrevateli-rw__vodyanye_vozdukhonagrevateli_rw.webp","78800","a0513414bd9c13607a9e3951cf0ac7650227e2e8ab18e68f87da200dbaced005"
"frontend\public\photo\catalog\vodyanye-vozduhoohladiteli-rsw__vodyanye_vozdukhookhladiteli_rsw.webp","62982","d14e3b4e2d39c8936f14a12da9ce7b23f273625d9ca6f23421bf99e8c393c22e"
"frontend\public\photo\catalog\vozduhonagrevatel-elektricheskij-re__elektricheskie_vozdukhonagrevateli_.webp","27636","b89c58115cffb8c089e106fe511e2603d4ee7f6041b17ac91a3199ca8f140ad6"
"frontend\public\photo\catalog\vozduhonagrevatel-vodyanoj-rw__vodyanye_vozdukhonagrevateli_.webp","62206","45d89e072867dbae19d00fd23b64cfa10068c8be6a729592c5ab62d37e1775ff"
"frontend\public\photo\catalog\vozduhovody-i-fasonnye-izdeliya.webp","169924","a6ff2b136e8edf5656555f3dc19ff49e99a78e8b185d518ba950f3c5854d04e5"
"frontend\public\photo\catalog\vozdushno-teplovye-zavesy-vtr.webp","55328","885131e7b5110809d387fc7919b088722ce9ab5295407d8cab9aee06a3ad0cf1"
"frontend\public\photo\catalog\vozdushnye_filtry_karmannye.png","504302","04f6724824303b12cd7f40c175b212e241213922307593a05d8cb5716e4bc293"
"frontend\public\photo\catalog\vozdushnye_filtry_karmannye.webp","105324","2a1286114e058df092303b10a1a09fc2e758326074fb9693e412944d12887112"
"frontend\public\photo\catalog\vozdushnye-filtry-karmannye-rk__vozdushnye_filtry_karmannye.webp","46862","1c110f33f15e4082446d593f844cf8ab892ff9cbf4a4d543df421c08491926a3"
"frontend\public\photo\catalog\zaslonka-reguliruyushchaya-rkz__reguliruyushchie_zaslonki_rkz.webp","29290","a4aa1d17b155476e2aaa79622f1f638ea80397331ebb5e7de73a171acd7f4739"
"frontend\public\photo\catalog\zaslonka-reguliruyushchaya-rkz__reguliruyushchie_zaslonki_s.webp","37724","b35ac0a56be2be98c58b08ce7d26e1a1aee2b90be4e49f4b415659e17e72b8e6"
"frontend\public\photo\catalog\zaslonka-reguliruyushchaya-rkz__zaslonki_kruglye.webp","20106","c78966c4262b437b5f5951a63f5c3a1a0ddcef0c6973408eed192fe12554115d"
"frontend\public\photo\catalog\zaslonka-reguliruyushchaya-rkz__zaslonki_pryamougolnye.webp","29624","0fa5c0b9cb0b5612b39f703f3d91a3c304fb4a02f64d05124fb5e000bc8df33d"
"frontend\public\photo\catalog\zaslonki_kruglye.png","187410","44854efb22d627ec75eda1d4bfbac05f57dd2355322d81aad71d33b45d7fee72"
"frontend\public\photo\catalog\zaslonki_kruglye.webp","20106","c78966c4262b437b5f5951a63f5c3a1a0ddcef0c6973408eed192fe12554115d"
"frontend\public\photo\catalog\zaslonki_pryamougolnye.png","540707","80a28bd99a2b41b82f1c4d6c6642ff609a10ee231aa08c7c49d1437c2be11069"
"frontend\public\photo\catalog\zaslonki_pryamougolnye.webp","29624","0fa5c0b9cb0b5612b39f703f3d91a3c304fb4a02f64d05124fb5e000bc8df33d"
"frontend\public\photo\central-hero-rik.png","1562912","0c9e853aa74f9fa2d6c0d17cce4234d24fa30d24561ec0a58d3eb43965ef6839"
"frontend\public\photo\central-hero-rik-crop.png","1457558","5b6a505aeb9b2c6e65d4edb781703908771bf71c80beba038e8a81f2b42d6864"
"frontend\public\photo\central-sections\01-filtration.png","1331788","8e50c3b239cf4b67f696807e174dd05bc8bc3956b4483628019462472aa4d9cd"
"frontend\public\photo\central-sections\01-filtration-dimensions-rik-s.png","61026","415b6215d0a12ce4c7dad11ef99d512548de3dc487a51e55096d86385e77685f"
"frontend\public\photo\central-sections\01-reserve-fan-dimensions-rik-m.png","62102","e3094aa4e784ab733b0be53c1cd35039dbac8cfdd9bc1ab253bb60d47f325727"
"frontend\public\photo\central-sections\02-fan-v01-v02.png","1227530","26b39d10d5ace8f3956cad191272042816586446e368596c6f69a958b2ed66e0"
"frontend\public\photo\central-sections\02-reserve-fan-dimensions-rik-s.png","60085","ce623dca4fce0c213853cb812195d68db411f4dbc7d19fded4632ebb5ed7d839"
"frontend\public\photo\central-sections\03-fan-reserve.png","1239433","b9eaf9674b5cd38b310bd5df0dc29f54d1a3907f6aa3eb792a682279175bb4ee"
"frontend\public\photo\central-sections\04-fan-ex.png","1203012","819b7cd6e840801a3c0a3205c88286aac7d64ec65819d67cf0eb2597a5fe25ce"
"frontend\public\photo\central-sections\04-fan-ex-v2.png","1227530","26b39d10d5ace8f3956cad191272042816586446e368596c6f69a958b2ed66e0"
"frontend\public\photo\central-sections\05-fan-standard.png","1119322","e818017d2830e61df059098dd3bcad401263e0794129cf761348f2e557d67726"
"frontend\public\photo\central-sections\05-water-heater-rwx.png","1339174","6665083ae1a909861a0c969b8686deb3089a6a7fcf1c71ae713e1b779b6b3c50"
"frontend\public\photo\central-sections\06-electric-heater-reyyy.png","1190279","e7b1531740179fc75b5e82936c06462d2b4a28e205a0ad58d801a8fd9fb528a9"
"frontend\public\photo\central-sections\06-fan-parallel.png","1316316","c8f19515281629e8b5c88b511ede47c49ba3b18a924582051ae7e474dc1203b3"
"frontend\public\photo\central-sections\07-fan-reserve.png","1455701","d62402051d52b1d084d1e59459f2f26161b3dc2970d3b1ae8d4dc9790c898178"
"frontend\public\photo\central-sections\07-gas-heater-rssss.png","1341781","b78c8e7e70c51c4822609edfbc3333f0e9f0f39aa80e3dfbdcbe8fa5b87dbce6"
"frontend\public\photo\central-sections\08-fan-dimensions-rik-m.png","66942","55b7ceca4938618a7b13633b9f45d1da654a4bdfb6d1feac62fb60864f3b6b3c"
"frontend\public\photo\central-sections\08-water-cooler-rswxx.png","1301977","32eb38f1b44ca4b8528894ffb1a1b0abb0876fb34741d7d35fda063d22174c46"
"frontend\public\photo\central-sections\09-fan-dimensions-rik-s.png","60311","3f20a2e9394bb268cb532f98d294827cc94bc1b67e87df2faf7d293aafa214c0"
"frontend\public\photo\central-sections\09-freon-cooler-rsfxy.png","1247312","593f8ed1710f44d9307e94a66b1b8f2ee7b604031998e49e99724972dd77b62d"
"frontend\public\photo\central-sections\10-plate-recuperator-rec.png","1074608","e13a07f488dd6181375ab243adc7fd6bcbf785efcf19850890517f62b7382a5f"
"frontend\public\photo\central-sections\11-rotary-recuperator-reg.png","893446","045f95f287626a1aac75174cc7928579c3eec008a626f8a9d2e30c9087d31f5e"
"frontend\public\photo\central-sections\12-silencer-ry.png","1159098","b3648100f32a933ec4285cfae699c5a00aa2b8893a5c65fc7586316cdc0a2d98"
"frontend\public\photo\central-sections\13-honeycomb-humidifier-rha.png","1417916","5cf9b0e618532ffbf9d654c48817c225992120ec804700ced37ab327b9a68cc0"
"frontend\public\photo\central-sections\14-bactericidal-rbw.png","1636083","e8473825d6ef4d3f118177d644800fdbb8ae874e8fcdf489e9329a2a163deecd"
"frontend\public\photo\central-sections\15-mixing-p-pu-pd-pl-pr-u.png","1382449","3e0455fcee6ae8aa1ec1f4cfde842792a241818899ea04da1857dd3d7701733b"
"frontend\public\photo\central-sections\16-damper-rs.png","1482372","59f99051aacd239b4e6f95e23d04201c3250a6925d6e8b202a27066482ab2e56"
"frontend\public\photo\central-sections\17-damper-sn.png","1038261","e02e86b4ebdaa90dc0dd90ac46fd377f861bde9cf3a198bca20ab784cb41e7cd"
"frontend\public\photo\central-sections\18-glycol-recuperator-rpt.png","1383676","aa3c83996d1293d41421029c47aa3529c3ec9d55c746452ff04f7c6b4ced4a3d"
"frontend\public\photo\central-sections\schemes\bactericidal-rik-m.png","49172","4c90558f4b0e5c33258c870066caa944d8d39b72b0c75dff093e2ff40296a05e"
"frontend\public\photo\central-sections\schemes\bactericidal-rik-s.png","70547","6071858c7f83570ab010e87fcdef336d29312419e980a3c33167f02321b17fd4"
"frontend\public\photo\central-sections\schemes\bactericidal-scheme-1.png","133140","e4df19b332df8b9ed2cdae0e1e048f1b30b71841eda55d397d35a2275b0ae373"
"frontend\public\photo\central-sections\schemes\bactericidal-scheme-2.png","49172","4c90558f4b0e5c33258c870066caa944d8d39b72b0c75dff093e2ff40296a05e"
"frontend\public\photo\central-sections\schemes\damper-rs-dim.png","85416","a52a6cf4b29db285d11daf90f9e424305d20a933fb68eead3d697e19dd616aaf"
"frontend\public\photo\central-sections\schemes\damper-rs-scheme-1.png","307047","8da4ac1722096405ca0225f5ed582e8f9c929b5bc42199062c983beac24e3318"
"frontend\public\photo\central-sections\schemes\damper-rs-scheme-2.png","85416","a52a6cf4b29db285d11daf90f9e424305d20a933fb68eead3d697e19dd616aaf"
"frontend\public\photo\central-sections\schemes\damper-sn-both.png","8648","cc3103d8f0e832694326a8a028d5649304caa888fb14175925c9af23e11ad644"
"frontend\public\photo\central-sections\schemes\damper-sn-rik-s.png","9678","2281ae4dd209e3a0a43eab490142c2a5827bc1a64141052cb2440c7a18bf3d41"
"frontend\public\photo\central-sections\schemes\damper-sn-scheme-1.png","121739","787adbd3c4c1023317b78ee9c16465dde9a31e5cf44f8debe94aa431cdfbe279"
"frontend\public\photo\central-sections\schemes\damper-sn-scheme-2.png","8648","cc3103d8f0e832694326a8a028d5649304caa888fb14175925c9af23e11ad644"
"frontend\public\photo\central-sections\schemes\electric-heater-rik-m.png","64539","1e51785d5205f680d0a9d8421440297223028ffa61339b92843bb0c9b1383b1e"
"frontend\public\photo\central-sections\schemes\electric-heater-rik-s.png","58550","9e35f7bbe554739ddae0dcfa13145711aa82cb1da910565c732af468d20856b9"
"frontend\public\photo\central-sections\schemes\electric-heater-scheme-1.png","251731","96fff59dd8c25b48bf15aa4b84755f033051a9c49b0386c5badea03749529c48"
"frontend\public\photo\central-sections\schemes\electric-heater-scheme-2.png","64539","1e51785d5205f680d0a9d8421440297223028ffa61339b92843bb0c9b1383b1e"
"frontend\public\photo\central-sections\schemes\fan-ex-rik-m.png","66942","55b7ceca4938618a7b13633b9f45d1da654a4bdfb6d1feac62fb60864f3b6b3c"
"frontend\public\photo\central-sections\schemes\fan-ex-rik-s.png","60311","3f20a2e9394bb268cb532f98d294827cc94bc1b67e87df2faf7d293aafa214c0"
"frontend\public\photo\central-sections\schemes\fan-ex-scheme-1.png","138495","177eac8f7284d853221dace8d6dea4f8c88a084dbee9e52ef2accdc60ef34980"
"frontend\public\photo\central-sections\schemes\fan-ex-scheme-2.png","113600","c828302c42b6b4d6f5841dd8d2da0389ed8d10c490d2b3a7d8e1426014f27e29"
"frontend\public\photo\central-sections\schemes\fan-ex-standard.png","1078961","55be05a7a80f9a054f3bf79ce0c3ce8540eb89b4dcacd8e8010c9fb3adb496bb"
"frontend\public\photo\central-sections\schemes\fan-ex-standard-v2.png","1992113","20f29d6579ed3836e6d91218cfda2e79917a159111fdbdfa4082a6f61050e944"
"frontend\public\photo\central-sections\schemes\fan-reserve-scheme-1.png","157313","8fe0dfe9ca7ed8f7c626b0d172b3242b836e43a04784fd92692dd9c8aa03e95c"
"frontend\public\photo\central-sections\schemes\fan-reserve-scheme-2.png","144381","6af576acae4e4102cf1216951dc7292d4ecd49eb9b173a1e16cb87a0f180b9ef"
"frontend\public\photo\central-sections\schemes\fan-scheme-1.png","196567","4cee025072f895dfff034d167f24b1a9d57399191abb5305b9f53b4f1875e5a1"
"frontend\public\photo\central-sections\schemes\fan-scheme-2.png","120566","855708e97c9d5ea9baca35e47f8ee01e54a84bc682cfe47bd789c95429d64cbf"
"frontend\public\photo\central-sections\schemes\filtration-rik-m.png","56697","80fd1598950e93b3938aa297d82fe7f6504b456e381974722153f7a16c69120d"
"frontend\public\photo\central-sections\schemes\filtration-rik-s.png","61026","415b6215d0a12ce4c7dad11ef99d512548de3dc487a51e55096d86385e77685f"
"frontend\public\photo\central-sections\schemes\filtration-scheme-1.png","201687","8d5369b1fa7ea62764216777fce85c0bfccb0e7a219a2a8f1679a5772c46dd8c"
"frontend\public\photo\central-sections\schemes\filtration-scheme-2.png","56697","80fd1598950e93b3938aa297d82fe7f6504b456e381974722153f7a16c69120d"
"frontend\public\photo\central-sections\schemes\freon-cooler-rik-m.png","275102","7b7f0ed978f1f73fcd95dda83c779d581dc885c7e3e0872ceb91be9d26fe6d60"
"frontend\public\photo\central-sections\schemes\freon-cooler-rik-s.png","287012","747ab029f34cc2be5b2833203fa09b407da624ee1a7b893c74cae8617fb970b8"
"frontend\public\photo\central-sections\schemes\freon-cooler-scheme-1.png","218880","f3800fa0383adfc740fd1ba18d27a129e5fdd748181f34f2a4c121d95498f50a"
"frontend\public\photo\central-sections\schemes\freon-cooler-scheme-2.png","275102","7b7f0ed978f1f73fcd95dda83c779d581dc885c7e3e0872ceb91be9d26fe6d60"
"frontend\public\photo\central-sections\schemes\gas-heater-dim.png","54709","1accefbc9131a8f9d7842773c79216c30258acca65c9c96d4e63f94bcdd607d9"
"frontend\public\photo\central-sections\schemes\gas-heater-exch.png","10951","9a0ad6ddbbaf54c5bc9f619a8ef6dbf9630be58f4ebcb5a275c2d61eca04092b"
"frontend\public\photo\central-sections\schemes\gas-heater-scheme.png","10951","9a0ad6ddbbaf54c5bc9f619a8ef6dbf9630be58f4ebcb5a275c2d61eca04092b"
"frontend\public\photo\central-sections\schemes\gas-heater-scheme-1.png","131058","a55326aa86163fc72a0a17ca63384a5ac1e809869c11deb407fb5c414c3baef3"
"frontend\public\photo\central-sections\schemes\gas-heater-scheme-2.png","54709","1accefbc9131a8f9d7842773c79216c30258acca65c9c96d4e63f94bcdd607d9"
"frontend\public\photo\central-sections\schemes\glycol-dim.png","127488","2d1e7e9a7c58a0292540c7b1c6f7055b65a843829bed462173b1f60fcff84df6"
"frontend\public\photo\central-sections\schemes\humidifier-rik-m.png","47794","133b79609bff2075223bff79329cf1f337715d98b2ea3c7eaf8f020ac7c076a2"
"frontend\public\photo\central-sections\schemes\humidifier-rik-s.png","52563","d1e9f96b0f710bfb9c578c278e5a8d4fb0b5ab4c918a43abe3b3fd68542d6829"
"frontend\public\photo\central-sections\schemes\humidifier-scheme-1.png","312270","9ed5b8ea3faca5bc517bc96412db82e98cf1543d7718c47f838d6059f9209bde"
"frontend\public\photo\central-sections\schemes\humidifier-scheme-2.png","47794","133b79609bff2075223bff79329cf1f337715d98b2ea3c7eaf8f020ac7c076a2"
"frontend\public\photo\central-sections\schemes\mixing-both.png","148144","80ac76663644df6f142854e4227df03a472ebb2f4798eb7e160b051ed877d709"
"frontend\public\photo\central-sections\schemes\mixing-rik-m.png","52731","9d75f00d5fd7ec67d56894fa99f76fd8231ac46a0cce8ddaa05a49abe85d92a3"
"frontend\public\photo\central-sections\schemes\mixing-rik-s.png","60811","90d4d2c353333bbca8d035a5abb43783560dab0105ba38bd73d7b8fff17620e5"
"frontend\public\photo\central-sections\schemes\mixing-scheme-1.png","148144","80ac76663644df6f142854e4227df03a472ebb2f4798eb7e160b051ed877d709"
"frontend\public\photo\central-sections\schemes\mixing-scheme-2.png","52731","9d75f00d5fd7ec67d56894fa99f76fd8231ac46a0cce8ddaa05a49abe85d92a3"
"frontend\public\photo\central-sections\schemes\plate-rec-rik-m.png","80807","3d2e6de35f1ce74b70e9615c615d55a38b803c9809fd34858922b0830f222bb8"
"frontend\public\photo\central-sections\schemes\plate-rec-rik-s.png","88346","81a876a926db493a6c95b02062afcc77dd53371da74584a0c2403529cd700e8a"
"frontend\public\photo\central-sections\schemes\plate-rec-scheme-1.png","252765","718e2511bfe138d0fb6746f4b643bcac5f21e9d1333bda8c7388626d6c528a05"
"frontend\public\photo\central-sections\schemes\plate-rec-scheme-2.png","80807","3d2e6de35f1ce74b70e9615c615d55a38b803c9809fd34858922b0830f222bb8"
"frontend\public\photo\central-sections\schemes\rotary-rik-m.png","80502","15bf3e8238178bf09837d7ad967b8eb6b3a79a735021e9d6bd839f4208ebfc63"
"frontend\public\photo\central-sections\schemes\rotary-rik-s.png","62818","ffba6a20d528a34e7ea338ce73635f696fef6d39f27650534c3b83ec9830f609"
"frontend\public\photo\central-sections\schemes\rotary-scheme-1.png","254132","0647e72b397c353988b80d765f866d04e0187154b570af56e2a48303ba5f4599"
"frontend\public\photo\central-sections\schemes\rotary-scheme-2.png","80502","15bf3e8238178bf09837d7ad967b8eb6b3a79a735021e9d6bd839f4208ebfc63"
"frontend\public\photo\central-sections\schemes\silencer-rik-m.png","38852","75e9866c27a40550d34692b251ba79c5f18ca3ec25341d750d03f99fb24a329e"
"frontend\public\photo\central-sections\schemes\silencer-rik-s.png","45424","77e52833ea6445802faa3f2ed6b28cc3b8c6e3c40829bcb97d11450e77d45f39"
"frontend\public\photo\central-sections\schemes\silencer-scheme-1.png","149748","9b26a819b1079673c7fbbc11387ec7639c5c082815f9bd545a183f9d947c4000"
"frontend\public\photo\central-sections\schemes\silencer-scheme-2.png","38852","75e9866c27a40550d34692b251ba79c5f18ca3ec25341d750d03f99fb24a329e"
"frontend\public\photo\central-sections\schemes\water-cooler-rik-m.png","56652","0592a7783735fbae13216b681114b21d04cb4d9ce69101da8cfd76ac924765a7"
"frontend\public\photo\central-sections\schemes\water-cooler-rik-s.png","58419","24a37e388946b5587eb82ae309aaa5305d675aca61292b772f5847063101f437"
"frontend\public\photo\central-sections\schemes\water-cooler-scheme-1.png","144042","230380b12846f1543914aecccf3624246a459ab46bd0884b0105dbe1193cbf3e"
"frontend\public\photo\central-sections\schemes\water-cooler-scheme-2.png","56652","0592a7783735fbae13216b681114b21d04cb4d9ce69101da8cfd76ac924765a7"
"frontend\public\photo\central-sections\schemes\water-heater-rik-m.png","57174","d2249dec9be2fa4b2976b5111d50a6fbd0dc9e102059fe04cfeb309c7201767e"
"frontend\public\photo\central-sections\schemes\water-heater-rik-s.png","70349","85e36bff08d661a24d5125aec2f9a6041836f1e37d60093d4df0c0843141d247"
"frontend\public\photo\central-sections\schemes\water-heater-scheme-1.png","189520","82efe4b322eec280c77ccef062800ebe3f97dcb0d8a6440b821d8fa31b9bad2a"
"frontend\public\photo\central-sections\schemes\water-heater-scheme-2.png","57174","d2249dec9be2fa4b2976b5111d50a6fbd0dc9e102059fe04cfeb309c7201767e"
"frontend\public\photo\central-unit-1.png","1228590","dd8ee9a919bde231329ed557e225e32aabd9d838bef2c77dc757de352a6a08be"
"frontend\public\photo\central-unit-2.png","1164126","f44efb4077e3aa55cc3177443e91a9b821318cb65d421161e61d297a59d23fff"
"frontend\public\photo\ChatGPT Image 3 июл. 2026 г., 09_20_53-Photoroom.png","1444992","80a39c1f58ac6a9fe3c0d50ebb863eaf202590ceb42d013bf432864d1ce81bfd"
"frontend\public\photo\details23\deflektor.webp","115370","b9dd14584268f8c2d3872c76e9e129d4ba2fc9e17d7ff25df7d24e897d097b49"
"frontend\public\photo\details23\deflektor-draw.jpg","25420","b1369b75a9d4e650e720a7ffec566c52b92733ed3ffe44997b005108df4478ff"
"frontend\public\photo\details23\drossel-klapan-kruglyj.webp","131706","8667ec159849478d2fc81bac55467294f48352a4a92a55615c1173067abe99fa"
"frontend\public\photo\details23\drossel-klapan-kruglyj-draw.jpg","23282","865d49286f1ba1bace3bde970cd597ab00e5d1ab779914ead104a440dd020079"
"frontend\public\photo\details23\drossel-klapan-pryamougolnyj.webp","112242","dedd52dd4b29d5328bfbb781af818c382e0dd31b6947fa6617a58d42c8e9554a"
"frontend\public\photo\details23\drossel-klapan-pryamougolnyj-draw.jpg","31899","538934afa75d48ababd610f34214ccc9a06d416d935524cc385240bcb49a84a2"
"frontend\public\photo\details23\gibkaya-vstavka-kruglaya.webp","53000","c54ec11aa114f62944af24a05687fad1884881984a7cf49e1f56a62e1e254d6e"
"frontend\public\photo\details23\gibkaya-vstavka-kruglaya-draw.jpg","15281","7c80a03daec1a482759ed2a0085acd3245469a5d4276f2e9c01627a2290fbf03"
"frontend\public\photo\details23\gibkaya-vstavka-pryamougolnaya.webp","48364","4aa5a13e237dc1021f407959a936f25bf40de9ece17d64c511807b1cd655f1bd"
"frontend\public\photo\details23\gibkaya-vstavka-pryamougolnaya-draw.jpg","37208","4728a40460bf638a7002e464e9033b3ac96338e483cb05d885703a3857d7484b"
"frontend\public\photo\details23\inspekcionnyj-lyuk-dlya-kruglogo-kanala.webp","89568","93b4789939ac5eb4df221916e5233ff1059659feef77d7930a2cc56be96fc1ad"
"frontend\public\photo\details23\inspekcionnyj-lyuk-dlya-kruglogo-kanala-draw.jpg","12988","71b5a3484b6d159c4b163d4e8fe451441300ed147850e9e7d3de95fbb98ae7fc"
"frontend\public\photo\details23\inspekcionnyj-lyuk-dlya-pryamougolnogo-kanala.webp","70422","62c4fda264d8bebaaede83c122cd20dd95587d0e6c6dd47684f98ca0bd9bd98a"
"frontend\public\photo\details23\inspekcionnyj-lyuk-dlya-pryamougolnogo-kanala-draw.jpg","12988","71b5a3484b6d159c4b163d4e8fe451441300ed147850e9e7d3de95fbb98ae7fc"
"frontend\public\photo\details23\klapan-lepestkovyj-kl.webp","74400","0fdb11e10ad5dabe46d000b1a1c935fe878567202ceb15896dc2736c154b39f9"
"frontend\public\photo\details23\klapan-lepestkovyj-kl-draw.jpg","31611","c6426d1f4de92b745d8f4f0074adb70cbff9ff6370681d79c26d1d9ae852a945"
"frontend\public\photo\details23\klapan-obratnyj-kruglyj-ko.webp","51470","5caa880a745407e1012f8c23af08ca4642664fd7ed1cd5959b3a37d3aacb3ed6"
"frontend\public\photo\details23\klapan-obratnyj-kruglyj-ko-draw.jpg","40436","085882730b259d200838c8e3bcff164b2be8d839e8c653527b96e72b721e99a7"
"frontend\public\photo\details23\klapan-obratnyj-lepestkovyj-kol.webp","103620","9732ccb6f88a7a613f1ca5e244644e7d23f1f6ecf2c0d456c47e3434281366bd"
"frontend\public\photo\details23\klapan-obratnyj-lepestkovyj-kol-draw.jpg","36999","33183cf89e254fc713f9aa1d18f75236c1b69fccbaa7ed14b2019e223d23f27f"
"frontend\public\photo\details23\klapan-obratnyj-pryamougolnyj-kop.webp","62458","e497ea6a6d8d7a7bfa0bd0a0ab0c21f8aae60675fa865c01c6709fb4603411cd"
"frontend\public\photo\details23\klapan-obratnyj-pryamougolnyj-kop-draw.jpg","35990","12aaf5f227736a5accda675fdd2a0a9fcd9031e9a5647f92ee9cd25d18ee4b4e"
"frontend\public\photo\details23\klapan-vozdushnyj-abk.webp","67874","d8f6ee6c1d34645b91263afce044b3232e076a7ca304a2f8b4cd296c36fd3083"
"frontend\public\photo\details23\klapan-vozdushnyj-abk-draw.jpg","24786","25be3e2c5fdfb1707cc81b7b993cab1cbfc3001c7d95c838b5c9a965aefe7697"
"frontend\public\photo\details23\nasadka-dlya-vybrosa-vozduha.webp","81174","6de5c9bd19361dc991125698dc6a9c8ae9b2a722302f512ac29df9f7bc1864c8"
"frontend\public\photo\details23\nasadka-dlya-vybrosa-vozduha-draw.jpg","32013","7801c90b34447f424941630427db7a8b0d8b10b34917d5033bbc0a9a603a03b7"
"frontend\public\photo\details23\shiber-kruglyj.webp","76202","1ca8b8e13fd1a02597c75626702cdb4cbc0f0cdf701ce9d7ff7294a938ba6f9c"
"frontend\public\photo\details23\shiber-kruglyj-draw.jpg","34014","49fef8f760f5aaeac219dbaf967cd042974a64c1d2cb3ec92f7a73e2d46f6293"
"frontend\public\photo\details23\shiber-pryamougolnyj.webp","42126","a0847d0a6278a52007cf797df4f4eb613e8480519d03fb97c51829592dbae173"
"frontend\public\photo\details23\shiber-pryamougolnyj-draw.jpg","35608","f1040fd78be4c7dfeafedc89521ef5dc9dbd9ab165fbecd6f9c722c5e77a8fb9"
"frontend\public\photo\details23\shumoglushitel-plastinchatyj-pryamougolnyj-gp.webp","70960","7e963afcf57510886bd57d523b227ff6d20721acd4349a808ac4cd06e5c604ff"
"frontend\public\photo\details23\shumoglushitel-plastinchatyj-pryamougolnyj-gp-draw.jpg","40895","cb7bbaebad5d9a269a8aec309905fa09321180c3ccff7c7c49c8ac9a80ce23ee"
"frontend\public\photo\details23\shumoglushitel-trubchatyj-gtpi.webp","121476","3fa746607e53a7ca833d658267c7e68107c12c98c25027005adbf45745434990"
"frontend\public\photo\details23\shumoglushitel-trubchatyj-gtpi-draw.jpg","37268","11949716a096bb12b7c08b7cea432bd45f941e7bc1ea50c85e8157e418a33bc3"
"frontend\public\photo\details23\shumoglushitel-trubchatyj-kruglyj-gtk.webp","56880","9406b6471275e6af38a5c3b531aab79c1be9dead8189f7c209b0fcdf4861d7b5"
"frontend\public\photo\details23\shumoglushitel-trubchatyj-kruglyj-gtk-draw.jpg","20747","ee6d0f844dada09b00d8cdc4db695334338e90bb2fc90cfd5433923ee2fd713d"
"frontend\public\photo\details23\shumoglushitel-trubchatyj-pryamougolnyj-gtp.webp","116806","3b0212d36b9e35b5958757f5ae5470cc8dfbde0f4ea63f0e7f1f220c69ab6b5a"
"frontend\public\photo\details23\shumoglushitel-trubchatyj-pryamougolnyj-gtp-draw.jpg","40312","7e8b43de328d4333f4fb4c0f22d3c7e63a413b356a72e7d69a8cb8b4d0145720"
"frontend\public\photo\details23\uzel-prohoda.webp","23938","c835f75c000fb80921817f304e33c39b63ddb74a4c21b8876bb55026e39417fd"
"frontend\public\photo\details23\uzel-prohoda-draw.jpg","43604","5a655811884418b627c691f2f19ac553655a3d5a1036ce766ca8be3a8a50677b"
"frontend\public\photo\details23\zont-kruglyj.webp","78586","6c58a4263fa546b97eebf503f91b55aebea142d517c00739cb7f6aad372a4842"
"frontend\public\photo\details23\zont-kruglyj-draw.jpg","29827","697ef7f4358c7e49a17aec88f2b26f1145182c90f969271440fd04e0328f4bdc"
"frontend\public\photo\details23\zont-pryamougolnyj.webp","103574","8f664b1773049198403adebcafaacbb48f6c37f94e918e0ab299e825b5e3e80b"
"frontend\public\photo\details23\zont-pryamougolnyj-draw.jpg","26989","84fc4a5d63a5bb93f7af98e4f852e11de7f235b3c64f6747191a99da060d33aa"
"frontend\public\photo\duct-products\drawings\adapter-dlya-ventilyacionnyh-reshetok-01.jpg","15281","1852eac06a7d48fa3af2a49c32a7c18567a3384e5a8857e7a5b845084e8e1123"
"frontend\public\photo\duct-products\drawings\adapter-dlya-ventilyacionnyh-reshetok-02.jpg","5977","76c00979c0db3354a63d8f42d2820e5c76bb76d07874576c889cefce230cbe7b"
"frontend\public\photo\duct-products\drawings\adapter-dlya-ventilyacionnyh-reshetok-03.jpg","8187","c586e3d48d8819b01d2cdd4b013a32eb1a53aae38c0de2add562aa775818aeab"
"frontend\public\photo\duct-products\drawings\adapter-dlya-ventilyacionnyh-reshetok-04.jpg","6475","7fa4eb158d2bacf7208245c7b53edcb85a45b3cd9da756d709e526917abbb379"
"frontend\public\photo\duct-products\drawings\flanec-kruglyj-01.jpg","29865","f2cf64bae2f882d70d97d164930322a0ccd107549cdf7b1132b6053a476cc0cc"
"frontend\public\photo\duct-products\drawings\flanec-pryamougolnyj-01.jpg","19034","22dc42d473a3f4473dba65c00bbe0db876914a5f9b7aa14b1de08fc380c061ed"
"frontend\public\photo\duct-products\drawings\kruglaya-krestovina-01.jpg","30285","90eb8845ab88178024de77ca5b0f07447c597bde5176b8628c292c26e1142dd5"
"frontend\public\photo\duct-products\drawings\kruglaya-krestovina-02.jpg","14532","784011e960cb41f949286e4969ea433dab93b56fa18245fdc3221bb23ff5d2e2"
"frontend\public\photo\duct-products\drawings\kruglaya-krestovina-03.jpg","20127","34aa6052bcb049bc1e999557f95c8e3ab806d657166bbb27481d152bc7c24db3"
"frontend\public\photo\duct-products\drawings\kruglaya-utka-01.jpg","29354","b43a8f81eefd61c4125d426808f4cb0596b5cae05a3f18458e09fab8daf0c7c2"
"frontend\public\photo\duct-products\drawings\kruglaya-utka-02.jpg","25300","b2af602d63980e12d9c89e9e2abb7f906c42c06c6a90345c7f2f76608c655baf"
"frontend\public\photo\duct-products\drawings\kruglaya-utka-03.jpg","26702","eb824e700ef2ccf06337de2e92127e03517af23b421602937015fca6d951c367"
"frontend\public\photo\duct-products\drawings\kruglaya-vrezka-v-kruglyj-kanal-01.jpg","17953","b20236897eb4a051e2d7c81713e04ccc75581e9d691cc6fff381dbaa2cfbc620"
"frontend\public\photo\duct-products\drawings\kruglaya-vrezka-v-kruglyj-kanal-02.jpg","15582","e279e87873b8f62de731f95de3f01378a99d5224103fe29e52d867b7d8e8cf60"
"frontend\public\photo\duct-products\drawings\kruglaya-vrezka-v-kruglyj-kanal-03.jpg","22088","42e21e5b9b1f37e2b232fe38ef52acb319a8917bb021705cf4dc3248c284f831"
"frontend\public\photo\duct-products\drawings\kruglaya-vrezka-v-pryamougolnyj-kanal-01.jpg","20582","f2d3bb0c719f56addcf1aa6665b98285f1524ff02c79355983a13b4f1e4d1d7d"
"frontend\public\photo\duct-products\drawings\kruglaya-vrezka-v-pryamougolnyj-kanal-02.jpg","17889","8552c3df8e56006fe87c3cb68374e80bdaec1218a9814b06e683700f4c8641f0"
"frontend\public\photo\duct-products\drawings\kruglaya-vrezka-v-pryamougolnyj-kanal-03.jpg","20213","9e2d46f7679c5e07d5519426567bcb94c5a064841d7ef0822a5008188def8441"
"frontend\public\photo\duct-products\drawings\kruglaya-zaglushka-01.jpg","14773","d5302174d639fe405f23d1f7b267678ae4e143911366cb392a8a3724318b444c"
"frontend\public\photo\duct-products\drawings\kruglyj-nippel-mufta-01.jpg","11843","1ee9772850cb5fc9a8c738e8be250300c264c00553a8d48711c903db453e6c93"
"frontend\public\photo\duct-products\drawings\kruglyj-otvod-01.png","5303","31327144fb13de230dd2a0f7080d0b9d97445119ab424504cedfc3238d004f88"
"frontend\public\photo\duct-products\drawings\kruglyj-perehod-01.jpg","20800","fa9074a6bf9741e7a436237f014c94f1e498da594e2ee2fb9a81d48f6e29d1fe"
"frontend\public\photo\duct-products\drawings\kruglyj-perehod-02.jpg","17099","eacb8afa3f47c0c36004baab6a89e2bf1c5a8a586c3096ecffb400c51fb9cd78"
"frontend\public\photo\duct-products\drawings\kruglyj-perehod-03.jpg","16178","e7575fd61d0ce160a5d0c025dd73354642de5bf26b3051d5baf3021631d8f7fd"
"frontend\public\photo\duct-products\drawings\kruglyj-perehod-04.jpg","18563","c5f3a7dc767935f653741907a82690ef37b1f8a60991ed417a0bdd6672ba970b"
"frontend\public\photo\duct-products\drawings\kruglyj-pryamoj-uchastok-01.png","4373","53b2bf6992d7df35f26af3ddcca01ddd87053307f51b6d3e5b739c38e5f06894"
"frontend\public\photo\duct-products\drawings\kruglyj-trojnik-01.jpg","23872","7e38d046dcfd5282989e06cfeb52c51cd7f629ad00bc610da5a5eb1f0ef05b7f"
"frontend\public\photo\duct-products\drawings\kruglyj-trojnik-02.jpg","11225","e491ec9f618d9a044712e1e236d2f3ddef4279c6326be717f5600966067ebba4"
"frontend\public\photo\duct-products\drawings\kruglyj-trojnik-03.jpg","16370","ebbbc90b5aa582caf60a8443d7b2c85517be414362f15c89a76033e78b080e93"
"frontend\public\photo\duct-products\drawings\kruglyj-trojnik-04.jpg","15375","aa377653ffc54f99c699179d1912306720bfb049382988536e9726e77dc3c1bf"
"frontend\public\photo\duct-products\drawings\kruglyj-trojnik-05.jpg","20858","deaa5998fb45d8afd7ad2f250d39974b14fc53f23545c489ab6b2b46548db616"
"frontend\public\photo\duct-products\drawings\kruglyj-trojnik-06.jpg","15517","96293ea0e866466d1d6d01917aa6c7378d6e4cab53dd90601eb12f585b43a31e"
"frontend\public\photo\duct-products\drawings\pryamougolnaya-krestovina-01.jpg","39820","19755f668920d19c2baa9fb5b3e6465c8804da8b6ac2ce725eb4cda6918196a4"
"frontend\public\photo\duct-products\drawings\pryamougolnaya-utka-01.jpg","24529","186dfd724c7781319179ced8877e4fc76d765ba925e042e14740e4f476ea0efd"
"frontend\public\photo\duct-products\drawings\pryamougolnaya-utka-02.jpg","11548","27fad9105123c45009e1b5bb44a103a0dce772a3997e616c967ddd2b7f8d6e37"
"frontend\public\photo\duct-products\drawings\pryamougolnaya-utka-03.jpg","12111","286f439f460c1817e497e05ae6d747893211ee3e10e0b2131334bdccb648eadd"
"frontend\public\photo\duct-products\drawings\pryamougolnaya-vrezka-v-kruglyj-kanal-01.jpg","18263","322dd848a8cdd6507d06f6fce72431552328cc3f53b90701fb9a909747583297"
"frontend\public\photo\duct-products\drawings\pryamougolnaya-vrezka-v-pryamougolnyj-kanal-01.jpg","16022","88b33a74bdf99f7eb9939dd11877a94e83125c4524f2cab79fc9e1a7b0ef66dc"
"frontend\public\photo\duct-products\drawings\pryamougolnaya-vrezka-v-pryamougolnyj-kanal-02.jpg","9762","5c29f2327b6574d51a9be950cd1501588c0587402f665eea710733f2d7a0d859"
"frontend\public\photo\duct-products\drawings\pryamougolnaya-vrezka-v-pryamougolnyj-kanal-03.jpg","10227","0b6a31358a87dc35fcb40165298cacf806f6fec115d455f1e3d8f37bd4a4da11"
"frontend\public\photo\duct-products\drawings\pryamougolnaya-zaglushka-01.jpg","15582","43abe66f8dff8ff8a95647dbf43efc047e56feca4e3d54808605a3b479c7b381"
"frontend\public\photo\duct-products\drawings\pryamougolnyj-otvod-01.jpg","28822","0456329e12fced471e540c22fd8a396b3262998c081f6c9a3ae10faf6db716f0"
"frontend\public\photo\duct-products\drawings\pryamougolnyj-perehod-na-krugloe-sechenie-01.jpg","27161","1d0c4563827892b55ca98ae22845672e974caa11602792ebf3946736d25c9391"
"frontend\public\photo\duct-products\drawings\pryamougolnyj-perehod-na-krugloe-sechenie-02.jpg","17707","050a25725756035273da3b0d2ef998d5c118ab383922267f282a7e9f1d6b1f51"
"frontend\public\photo\duct-products\drawings\pryamougolnyj-perehod-na-krugloe-sechenie-03.jpg","11721","9095137965b2ffa765df2bb3c136f2a65c0b0bfbb5e45fd4ce27a48218503163"
"frontend\public\photo\duct-products\drawings\pryamougolnyj-perehod-na-krugloe-sechenie-04.jpg","11530","8d78b184ad4cb832518d1a112f8513c107d223226c83d650109fe9aa1ff30f38"
"frontend\public\photo\duct-products\drawings\pryamougolnyj-perehod-na-krugloe-sechenie-05.jpg","12232","88583ec4647c71b7381590046fc3eb0c30329c73c6670958cf3e8d3fb522735f"
"frontend\public\photo\duct-products\drawings\pryamougolnyj-perehod-na-krugloe-sechenie-06.jpg","12517","154424d765bb237aa7c9c7add4556e5455f014d9d4ef5d506ec054e4d2d905b2"
"frontend\public\photo\duct-products\drawings\pryamougolnyj-perehod-na-krugloe-sechenie-07.jpg","13572","fc183da59a593868e20ba9871903cbaed12d97134bb1990c79b705ddb7937358"
"frontend\public\photo\duct-products\drawings\pryamougolnyj-perehod-na-pryamougolnoe-sechenie-01.png","11199","9b526f68fcbb87fdb2e6391da3d3855c9552286c576160043144436562afb805"
"frontend\public\photo\duct-products\drawings\pryamougolnyj-perehod-na-pryamougolnoe-sechenie-02.png","7613","af9d795bd31921f4fa39beda74548769684bfa00d75f33bb2eed761a3b034b3d"
"frontend\public\photo\duct-products\drawings\pryamougolnyj-perehod-na-pryamougolnoe-sechenie-03.png","3113","0a64cbcbf3449461575506274497a01a8e6c288f983cd78f24576e507b927f9c"
"frontend\public\photo\duct-products\drawings\pryamougolnyj-perehod-na-pryamougolnoe-sechenie-04.png","3057","1ec4d18a216fb9e055ba42dae40797004babfba394eed201c31f347aa7d6450f"
"frontend\public\photo\duct-products\drawings\pryamougolnyj-perehod-na-pryamougolnoe-sechenie-05.png","3393","e714b55dbfc0ff8173995a6c0a7c654a8c6b797477f099749db82826a75287c1"
"frontend\public\photo\duct-products\drawings\pryamougolnyj-perehod-na-pryamougolnoe-sechenie-06.png","3156","8443a6d2ca1fd70e9ccc46ad5c688b42112354d490ba947315ec4e4ec05c915d"
"frontend\public\photo\duct-products\drawings\pryamougolnyj-perehod-na-pryamougolnoe-sechenie-07.png","4188","92957185b9de5ab5bf1a41c316779a1c525a4e60ed247d9ccb7798ece15e9ea0"
"frontend\public\photo\duct-products\drawings\pryamougolnyj-pryamoj-uchastok-01.jpg","23399","2b0bc324e1dd58462898532b29ce9a15a96e7946649e2f6f38d173c960495330"
"frontend\public\photo\duct-products\drawings\pryamougolnyj-trojnik-01.jpg","32615","948656f903a1ec1dd9bee63e126d7be7f57357c8788f9977029adf6d6978bc7b"
"frontend\public\photo\duct-products\flanges\duct-flanges.png","538219","0c414590b5ed9031631fbbe1f6bb30439ca2dd09841f00fa794fa84aed2392ed"
"frontend\public\photo\duct-products\flanges\flanec_pryamoug.png","1196164","2fc895d4888eeb384bc83b68fc56838a9752737b3b22847d2f42ed02ce8aedf0"
"frontend\public\photo\duct-products\rect\adapter_dlya_vent_reshetok.png","871715","43069bdf33bf3773323004684a4c19717843f7bec74a131c7f78e282c4fb24d3"
"frontend\public\photo\duct-products\rect\krestovina.png","884842","5c661ee453814efa258d19dcc14d5ed156978c738e90b89fb3f12a1b6df28f06"
"frontend\public\photo\duct-products\rect\otvod.png","689345","51df92b3f8ff80d56f003a91782b44c1ec590e73cd3a1376003d758b6db11284"
"frontend\public\photo\duct-products\rect\perehod_na_krugl_secheniye.png","757560","3ca2460bf7eb5c117ebc19e497575b36aa57df0427d541880da65b7fbf7f1e06"
"frontend\public\photo\duct-products\rect\perehod_na_pryamoug_secheniye.png","535364","a47b06f9fc84151eb33c834165166c57c5d034698baa0efc78f121b2ca81a8aa"
"frontend\public\photo\duct-products\rect\pryamoug_uchastok.png","589310","e076c8c8ff61c3bd11efdbde0958fb08b779a583b129014226761d0464faac33"
"frontend\public\photo\duct-products\rect\troynik.png","760623","fc409d6f3589eda0d20afe41aae65400ed5cf4c2a2d773aff3b69929afefa4e8"
"frontend\public\photo\duct-products\rect\utka.png","568252","290ec623a6a3ee891775821cb97e570f466cc111103fd561219555bd71aeca1c"
"frontend\public\photo\duct-products\rect\vrezka_v_krugli_kanal.png","845005","1deb325dea13cb0ea3d448c6fdddbe90289d5fb60857ac91ef7bdb8c25877980"
"frontend\public\photo\duct-products\rect\vrezka_v_pryamoug_kanal.png","621049","7cf95f018b6e7071a1b76c7a6fae5ec65a058d76257f1df4d0595906d916b56d"
"frontend\public\photo\duct-products\rect\zaglushka.png","459462","4b3a7a4d911ea2bf1739002bae2bf69cb24a9a3dba762fe5be49370f90bbc946"
"frontend\public\photo\duct-products\round\krestovina.png","894060","3c482b782f78a71c8123dc24f1043341049ea6759e474cc04165c172f0d7b7eb"
"frontend\public\photo\duct-products\round\nippel_mufta.png","810730","4ac8ba90e922d4519c8a44106216fd00016c48c9b28b0e57983d26c563b92cc1"
"frontend\public\photo\duct-products\round\otvod.png","683385","072124508443937f37b377f0e440cb1601470519cf9059ac1101101195b0408d"
"frontend\public\photo\duct-products\round\perehod.png","1162799","598b4c104770ae5255715de73095d22c57ade8dbe387c64dd89ac465b18e07fe"
"frontend\public\photo\duct-products\round\Pryamoy_uchastok.png","603196","536fbd3484d1485bda664c4e9499f435631c65f7a246169819618b8c820353f6"
"frontend\public\photo\duct-products\round\troynik.png","866622","540cf457864097b4083fe14b8ce7ed8b6cfda6311d588335c1c893cec8200743"
"frontend\public\photo\duct-products\round\utka.png","479469","1c9df1a95a271fa75bbf2ea3f7581010dc19e4c975d65fa4f83ee0158597d67a"
"frontend\public\photo\duct-products\round\vrezka_v_krugly_kanal.png","852348","b48cd5b69df28c7766f1125a02d3c08e185e295871716ea442282995343973dd"
"frontend\public\photo\duct-products\round\vrezka_v_pryamoug_kanal.png","661022","9596360f760127e92b701a606c084545f5efe6435fbe916c42dd273d9d2adb3a"
"frontend\public\photo\duct-products\round\zaglushka.png","663726","60fedfcf9fef93993d26d381d5229397d456470e135984f0290393d7854f276f"
"frontend\public\photo\electroNagrev.png","1728810","bec0e0e98709badcbc7e66d015dcd3810b787d65b90b9c740870bb7280a88c33"
"frontend\public\photo\elektricheskie-vozduhonagrevateli-re.png","214838","fc5be365a76e87a8816019873364acdadd9052c621b3e72fdd1fbe7a9a5ace42"
"frontend\public\photo\fanSection.png","1788324","10fdffde8e9d632e1037396b8b3479b18d4e74abcf195812a4798032deac4aae"
"frontend\public\photo\filterSection.png","1346901","ab1c35683bb4559c48ab0da1b943139346a2ab4c0d28dbcfced56f29450547e1"
"frontend\public\photo\filtry-vozdushnye-kassetnye-rf.png","719063","3924ef9f03f3c29ca785080095d3b51205480357f89017810b2d284cc927fe3f"
"frontend\public\photo\freonIsp.png","1009260","26c989e38fb0e40ab8ec90cabd5f5fb7955d3cb6dba2d9d06c5d716b8dd09702"
"frontend\public\photo\freonovye-vozduhoohladiteli-rsf.png","255301","ce18cb7be4d7081d71a87fe271b6f4b36feeb982777c3df51343a7b4177b6f3d"
"frontend\public\photo\Group 2-Photoroom.png","99675","494b29f3da5b04ecf5fbc1647d5091493f3a7ac67351eaed89f66dd3a93bab81"
"frontend\public\photo\Home_page_light_fon.png","1745199","9d72923c6f3e23fcc59b9a5902d3ab01ca2fcc84ede19bb47482b7cc3e1be8f9"
"frontend\public\photo\home-hero.webp","112640","5d0833894ad682ec035a130694d756c991fa4f0f7b024eee009ea04c09762573"
"frontend\public\photo\home-hero-light.webp","111810","de0d23c89b40867331e8317e6d0eb841b4c3aab904eec90385a92384b52ca297"
"frontend\public\photo\home-hero-light.webp.prev","123030","54c5281389cd67037ca1dccfb31bb280f5e613da6b7f024427bb5e64f4aaf53a"
"frontend\public\photo\icons8-placeholder-62 1.svg","3173","94e80227a06993c4c29beeb88c2c8aab87cf631a8fd97d3449f27abdde667a58"
"frontend\public\photo\icons8-portraits-50 1.svg","1767","6106b0f8e20a19d6cd3f0d460b067d9f5e6d875a0c15d867855d3dd44fd32b63"
"frontend\public\photo\icons8-групповой-звонок-64 1.svg","3268","1d50484616f4c4ba60dd3ad55738caab6e259fd3b5bf415bd252205e23a9f46f"
"frontend\public\photo\icons8-документ-50 1.svg","853","b96cb3eb493b161a7c0d2dfcb9ef63f2dab773f3053279dcd9d1d335f4fcbee1"
"frontend\public\photo\icons8-настройки-32 1.svg","1468","75180af5af4daed0acab04bbc610fb2f66a57ac156b9b87266833406d8fa3b4f"
"frontend\public\photo\icons8-письмо-50 1.svg","1521","42d6d1a5a7dcd7f3b3239c515f6bffe310fe2bf2543b606d46a58368021e6a57"
"frontend\public\photo\icons8-скачать-64 1.svg","997","d12a721b08b72b06fdedac188b2fb580dba98f317dd696bc3f72aeff68ccdde3"
"frontend\public\photo\icons8-телефон-50 (1) 1.svg","2161","a61620c6fd331617e4f5a8efebc612a1b0f0fe04ae17fdd4053e88641fddf51b"
"frontend\public\photo\icons8-щит-80 1.svg","3826","5e323b0843d4d9a6e5676245c1fe59a863c0a06e3f071c9a7430f449b81c3819"
"frontend\public\photo\kanalnoe-oborudovanie.png","1707513","35fb7123011a688c127f14346a7a50b2f6029c3288adf52c0c3f35551d8e10ec"
"frontend\public\photo\kanalnyj-ventilyator-kr.png","45086","606e786cbddd9e16cd9b43c4ea7616916417fd38a931bb8d3753b3cd96c226c7"
"frontend\public\photo\klapan-obratnyj-ro.png","150866","08dac62dc567383f4a4cd2da938ea490d4dc168a4953680b59b4d06e4d018ee3"
"frontend\public\photo\kr-dimensions.png","24089","a9b64b9411b73002bedd1cfb19ced24cd63bb4fbc97110bf18f3b890f721260e"
"frontend\public\photo\krf-dimensions.png","11238","425e9466d261d79bf4af11ffa577c0b382ffde7a1ad0208b0d94177d51557852"
"frontend\public\photo\krk-pocket-insert-dimensions.jpg","21055","ba4e60e6f5275d0c8a9f360336b3c92908eacb9b1d8a42017961a123b3a95088"
"frontend\public\photo\krku-pocket-insert-dimensions.jpg","21055","ba4e60e6f5275d0c8a9f360336b3c92908eacb9b1d8a42017961a123b3a95088"
"frontend\public\photo\krv-dimensions.png","31067","7727e30b41b9935e93a95ee81aed5e4ac3ea85e032475cf834702ece33dbc48d"
"frontend\public\photo\krv-v-dimensions.png","14809","475cb75d66ad33d6e4b57e10afd511fb1f60a52ad4b596b12f4db9a5676b5fba"
"frontend\public\photo\light_fon.png","1235885","daa08ced4f6266c916651f4a49928ed0fb39a0199fb4c39b6c263ab81c72123a"
"frontend\public\photo\logo.png","7126","2265b23932ba603ca0219d8314285bd0db7ec2544fa47cd089e3ec39d954162f"
"frontend\public\photo\logo_mini.png","1217","f588682a17b0cbd9ba5ca6a09d261a06d69515091995fe858153c6fcc7fb8df8"
"frontend\public\photo\obogrevZaslonki.png","121739","787adbd3c4c1023317b78ee9c16465dde9a31e5cf44f8debe94aa431cdfbe279"
"frontend\public\photo\plastRecup.png","1030093","d1a9e31141d4249065f326dab338b4861c76b6a08ac7dfdabf9489c34789844e"
"frontend\public\photo\projects\01-ades.png","244369","1d6b7dd2f6ff1cd3a0dbb1a60e21c58ee81d5138717be4e5f2ccf8af8b59d526"
"frontend\public\photo\projects\02-nps-purpe.png","234591","a375ca93ba627854c3b1eb7d901908c6cf544a2f359a2aeb7e86b352007adba3"
"frontend\public\photo\projects\03-nps-vyngapur.png","202669","2737b5586dd5384eb6a333a705011145f96eb5d9c4a9bbec198a84009c2677a6"
"frontend\public\photo\projects\04-nps-2-0.png","246336","ba0d91542a370477e959feab17131be3c5d87fb30edbd6d6d46fe4deab4dc4cf"
"frontend\public\photo\projects\05-transmashholding.webp","38542","ac3c8fa2350b7a8e5fae9f876fd8e224875c0dd32b0522255213d95f1d23ad11"
"frontend\public\photo\projects\06-stroytransgaz.webp","38264","24811b09a1ed5633152709d5ad74521480f7b054516f042650071757536c3a85"
"frontend\public\photo\projects\07-mosmetrostroy.webp","25048","051a59511324e724e9172e01a74639a7ad68be880ccd5260daca60b6b6d7009f"
"frontend\public\photo\projects\08-tuapse-bulk-terminal.webp","27140","6245576a4870c3044e06cd3e0620df69474bfd333d261b6a4d266c0645609622"
"frontend\public\photo\projects\09-zeleny-sad.webp","27192","0ba9a961b5c6d6a281cdf2ae6a2ba7dc301a55fc1352899f25d0996ce7d31d86"
"frontend\public\photo\re-dimensions.png","19865","9043dac698dc2b8b364d478f23b8cfaacdad2306a39b70dc4a9bbfcc89887469"
"frontend\public\photo\regZaslonki.png","1351481","5250081e263856c345202b530279200f83c301063327f83b81145c4c1b7e4174"
"frontend\public\photo\re-rect-dimensions.jpg","38063","fda0729bf30afa14e775eaf333d992480cd92c16d66b9772a7ef9cca2ae15871"
"frontend\public\photo\rf-dimensions.png","10943","fa5907b6cb2f6fef5e1115d2fb126f43b7b7cba8eb5b4141521a96fc968313e7"
"frontend\public\photo\rik-m-unit.png","1228590","dd8ee9a919bde231329ed557e225e32aabd9d838bef2c77dc757de352a6a08be"
"frontend\public\photo\rik-s-unit.png","1164126","f44efb4077e3aa55cc3177443e91a9b821318cb65d421161e61d297a59d23fff"
"frontend\public\photo\rk-pocket-dimensions.jpg","26778","004d71b52474d2015ddb9eff34b1b47f06bdd128afba0f66190a92c41d2de1ac"
"frontend\public\photo\rku-pocket-dimensions.jpg","19572","8371a1c832038110ceb83029c617efd4358a0045f00e4339aec851e64d122dae"
"frontend\public\photo\rkz-electric-dimensions.png","11150","26b34e699d97d0ad3173d5aa8793ff75e79bf189ed7364b925e8a66d8a118036"
"frontend\public\photo\rkz-manual-dimensions.png","10288","125291f204e76c07df10b7797d580f76c86f2697a6c550267bce948fcd06af65"
"frontend\public\photo\rms\01-mounting-cups-main.png","95962","1785b5166a24191b066ed72182f5d38ccb715bf033b18e7ec535d769d66dc3ad"
"frontend\public\photo\rms\02-mounting-cup-h650.png","132575","3bb30c753d586fa1aed8fcc705927e94e0788176547b65c8d8cb7acde14fcbc4"
"frontend\public\photo\rms\03-mounting-cup-h650-drawing.jpg","47664","712d04ddb8853d786687b82470f986825b881048cfb7839f3ba97c1f7e2e2014"
"frontend\public\photo\rms\04-mounting-cup-h400.png","64223","eb15763a840dc00ee345e4e042d7fbef19d1a6a07c60fa2c14888fbea6805b97"
"frontend\public\photo\rms\05-mounting-cup-h400-drawing.jpg","44170","79326cebff92031bf5b1a177f7933aab6e522f1f5f0434a410795f895b57233d"
"frontend\public\photo\rms\06-mounting-cup-h1000.png","116949","26d9072204d4d4398de131d62c650ed68646ffa06a3afc367827ecacaefd35df"
"frontend\public\photo\rms\07-mounting-cup-h1000-drawing.jpg","53176","2cd96d3ef7d2733e623ffce9d9893a0b24d59ed12e02b231bdfaf79a8f05496f"
"frontend\public\photo\rms\08-mounting-cup-h850.png","81764","e47695fd9f21aadfb91b63e395679cc2486f795870a34325c0874f9a01c845ed"
"frontend\public\photo\rms\09-mounting-cup-h850-drawing.jpg","48806","c0fc39597294f603729d43f098b1c694dbbf3d23fb666d993b7801eeaa3af1ca"
"frontend\public\photo\rms\10-reference-duplicate-tech-heading.png","54242","13ff242b0648986bff6fe1259169de01a2ddc8f9a2d3c23ac4dbdfafae62e221"
"frontend\public\photo\rms\11-reference-rectangular-flange-photo.png","240287","fe197fc4c5ba8d9453ae51daa651074a5f4ae784dff2029beb4c8ed01be00272"
"frontend\public\photo\rms\12-reference-central-labels-swap.png","391893","90df5f78a8ae27e16c89ef0c810a78f027d195b0ca00db8b5018bcf20cab6f57"
"frontend\public\photo\rms\13-reference-central-product-hero.png","400011","91a8f2c8ea628ead45c875ddc15d1dbc2c6a73219d99b2436c98b87e437c5c83"
"frontend\public\photo\rms\14-reference-central-techsheet-caption.png","172967","15212999742ae3c1a3aeaf3cda58fd637b7cd9f7b44392ebfe31f0fc1957c81d"
"frontend\public\photo\ro-dimensions.png","12182","bd765dfcf8baf28958c1318c7460fd38c99f9fa51a0b62f4cf18fc0428e87bed"
"frontend\public\photo\rotorRegen.png","1364053","77c550a71924cca865de7e8532ca8a6811e43341d87e2ecf168416e80dcf573a"
"frontend\public\photo\rq-dimensions.png","11586","cb870fd6db7013956c96835cf3e0852b9bd459c8079380472f6842c4cf326923"
"frontend\public\photo\rr-dimensions.jpg","32310","c1b3baada9085daa9a328cf72d7e429ada4e9ee1bda0870c81c63406dede32cc"
"frontend\public\photo\rr-frame-dimensions.jpg","27097","d2bc0065b361d67125ba4f32ad051faa8af75c02315b3550a51e854c5dfb1826"
"frontend\public\photo\rsf-dimensions.jpg","50022","c8d33d14480cdada8b1401f9e4295995a12172d5d24156b1368d1a0f3de1dff7"
"frontend\public\photo\rsw-dimensions.jpg","47052","810336e594356657e8e766101dfdb1634e77063ca2581bf0838b213100b119f1"
"frontend\public\photo\rw-dimensions.png","20117","99f108ac80921dbd8de4846f38ab5813b57cc74007a0f565e67080bc8ddf3942"
"frontend\public\photo\rw-rect-dimensions.jpg","59704","ecce66f9e9ebd1c7416880f1cdf43e750896d931cbcea182482c3ae62fd60601"
"frontend\public\photo\scheme\bar-baw.webp","32216","5002992382912a37f404fb7e34c5f2716a1c1cff432c98f844d13e620c8c9ace"
"frontend\public\photo\scheme\gibkaya-vstavka-rg.webp","8182","35a3005e89a21913e9a2f35b00c5137626d0b977fc5edfd54c71736ba57e1af0"
"frontend\public\photo\scheme\kr.webp","39038","27deef284eaff2bd6c38048475860b4f96f5a39fab430e6f099cfbe8200b845c"
"frontend\public\photo\scheme\krf.webp","81288","5c67bd255882d10bb79f83ea4cd4f920ec9eb30dbb38aeb9dee23e0abe2d2ebf"
"frontend\public\photo\scheme\krf-round-dim.png","11238","425e9466d261d79bf4af11ffa577c0b382ffde7a1ad0208b0d94177d51557852"
"frontend\public\photo\scheme\krk.webp","4226","3f5a087ead54171ded3a75900538c4089815696981b859aa842ec9fdd048a53d"
"frontend\public\photo\scheme\krku.webp","13900","1c01d96c4d9eea3fd21633407ce9986271d7f2d99bbc603da3e355f39ea8df0a"
"frontend\public\photo\scheme\krv.webp","28734","0643aeaed0b3227957380ce803706927554e08306d4a513bd6d124bfd4031716"
"frontend\public\photo\scheme\krv-v.webp","25520","5c008636804ac323ed9ba9bc5ee362ca14aeda056e81cbf5b0bebbc607276561"
"frontend\public\photo\scheme\lv.png","57435","2181efa0fac1e1df37bae0db4120d275cc7e4d8feb4aefe025d4981f29e8cab9"
"frontend\public\photo\scheme\mix-cold.webp","42658","9bb144db178d2d93509ddfbbab10382d58b37a2338b2bbdac88a2a3607e50e36"
"frontend\public\photo\scheme\mix-hot.webp","57090","65d16b0212091292d5c1a7b659b19d9ae0146ec117de8b28cbf507f419f6b105"
"frontend\public\photo\scheme\re.webp","19882","ae0a2c9b35bdc9029294158187a4a587217549bada5a32abf44b15069f38690e"
"frontend\public\photo\scheme\rec.webp","14290","29adb55d7d8c30bc636d5f3871bb3ba272a43221c1c5edc3d8a3bbf9f69de572"
"frontend\public\photo\scheme\re-round.png","19865","9043dac698dc2b8b364d478f23b8cfaacdad2306a39b70dc4a9bbfcc89887469"
"frontend\public\photo\scheme\rf.webp","34416","7b8c4d1c468f2b8fec429cd1a4c571d8d18d701965402791eb78615d7764e693"
"frontend\public\photo\scheme\rf-round-dim.png","10943","fa5907b6cb2f6fef5e1115d2fb126f43b7b7cba8eb5b4141521a96fc968313e7"
"frontend\public\photo\scheme\rk.webp","12606","328bed41b1ed96b32b088279bcc8162d05e196429ef2dcd026cd9d6ba0f9bb56"
"frontend\public\photo\scheme\rku.webp","10100","5b13e3b0a5a61244d801269e248a71c8a3a871321c6b0d6db924944d1c25c806"
"frontend\public\photo\scheme\rkz-electric.png","11150","26b34e699d97d0ad3173d5aa8793ff75e79bf189ed7364b925e8a66d8a118036"
"frontend\public\photo\scheme\rkz-manual.png","10288","125291f204e76c07df10b7797d580f76c86f2697a6c550267bce948fcd06af65"
"frontend\public\photo\scheme\rkz-o-gabarit-1.jpg","29127","dab7f89133a64a35d30a37d9f90e51434b052ca952e05c943663b6e4f3721a54"
"frontend\public\photo\scheme\rkz-o-gabarit-2.jpg","34965","d09f28d13a180b110823e2543a5f837848f6dfa712bd09bc711f6f7aca725d3f"
"frontend\public\photo\scheme\rkz-rect.jpg","29686","5811d0e945323ecf36e3fd9bd0948d194e96ffd9d105c316a73a4ab43c05a5fb"
"frontend\public\photo\scheme\ro-obratnyj.png","12182","bd765dfcf8baf28958c1318c7460fd38c99f9fa51a0b62f4cf18fc0428e87bed"
"frontend\public\photo\scheme\ro-rect.jpg","23414","4ca5561dc6244ab703b02bff68c0d6e93165cac6d7c6e7767841e13feaed93b4"
"frontend\public\photo\scheme\rq.webp","10188","2d748bd4e326de800a6cb21b635cde18f4e2d6660adc7c60d493e7bae0d55296"
"frontend\public\photo\scheme\rq-round.png","11586","cb870fd6db7013956c96835cf3e0852b9bd459c8079380472f6842c4cf326923"
"frontend\public\photo\scheme\rr.webp","25150","a4b59814f2f9f000812d26a9535e2b0ee4ab60fe037a836898b02e8779e37bff"
"frontend\public\photo\scheme\rra-i2-table-1-3.5-17.5.png","3148828","cd8a76019d3c82c033e38ac0624e69853ff6425fcdbf18cff02a725c24db7938"
"frontend\public\photo\scheme\rra-i2-table-2-20-28.png","2780672","dd36223b5f2b1c05e2b1a46565285a0411ca6b7a8982bf44be8fb39a2ec0f946"
"frontend\public\photo\scheme\rra-i2-table-3-33.5-85.png","1307638","46d7d56e56286c972597ac8a6c3fdbf7c3d61aa30f1e5fefd7f76c6ee4416d4a"
"frontend\public\photo\scheme\rra-l5-table-1.png","1423147","35bef968e6ff7f94b6065f120aa856520c7b6095c597b8a03a7d2b6bc85ace00"
"frontend\public\photo\scheme\rra-l5-table-2.png","1564409","75db7fdec738db1d6c4d0b13db6c97c18d4d98e1578965313f2b68694481b215"
"frontend\public\photo\scheme\rra-l5-table-3.png","1269540","612e3afd102b5d4e52481858853de18a352ef219e0eec1fffba009494384af97"
"frontend\public\photo\scheme\rsf.webp","17962","2508647da1a7e0ae306259e38e55ea20c34c65d7ea64fa66fea9552e8790ad56"
"frontend\public\photo\scheme\rsw.webp","18826","d4f4bc2dc91687e5e0372b31d025118c98678c000df6e85ad52f69aa8d54755c"
"frontend\public\photo\scheme\rw.webp","44110","72799c801dbbd5c91871628c762a5074337b6796acd918c1b5ad78548da063bc"
"frontend\public\photo\scheme\rw-round.png","20117","99f108ac80921dbd8de4846f38ab5813b57cc74007a0f565e67080bc8ddf3942"
"frontend\public\photo\scheme\vr.webp","91570","c069e3e9409a9b8fcbb0facc243b2314a1d2de570877a9cd8cc12b4afbac5e3f"
"frontend\public\photo\scheme\vr-dimensions.webp","23063","985e1a1497c2f4179ceacb6ef80459fd097fbeb9a8ad3cfcaf8a706a7761870b"
"frontend\public\photo\scheme\vtr.webp","50574","0d002c3f09075d150b7dcfc81971455495621ccd6b29e9f5572a89b39752d4c8"
"frontend\public\photo\scheme\wr.webp","45798","2d3951022e50619cb5dee99d4fc92db3917969dd59a9349f5ea71988bbe01e26"
"frontend\public\photo\scheme\wrn.webp","22538","2150243a93fe21fb9510e6671378493f073cb21d05097e28e5f461fef58556ff"
"frontend\public\photo\sec-baw.png","76163","4f37a2974921354d1256843c4c5f8350855d248a5672a610237c6d2e86cfb1bd"
"frontend\public\photo\sec-c-xy.png","28164","fcfcce18c8d9d493bb7e9d035f7ee31ba9380f1f6cb071dfac328b2d89c54b46"
"frontend\public\photo\sec-eyyy.png","24425","36e33391d4f7264521473c4fe79a80f3a24581c5e1838e3fb2f763d5cc13b64b"
"frontend\public\photo\sec-f.png","26694","fea2447f864c20615b281ab4c43a7dffb4090326440362c7d3675b40f9b22816"
"frontend\public\photo\sec-ha.png","75505","3f48b8d96ae9b693ad717b4bdb82f8a347cc95eb6ade80cbb128167e4780f803"
"frontend\public\photo\sec-hx.png","24796","5daf5a8c6e6dc2feb754f33598219f35219cf18f2639fba63f3b9f8fbd7c097b"
"frontend\public\photo\sec-rp.png","21869","3235c764af8b691a5d0fea33f1bc2ae40a994da2ff2696088cf9214345396b00"
"frontend\public\photo\sec-rr.png","55397","d8e6921587aa6a2c04d1bc2d2c84035d26a6bf33972bf0db7d1505c33f3a663c"
"frontend\public\photo\sec-s.png","17915","3bd3d3c3cc8b4d64056ffc7221a97af952275bdf0a6419c738e74bacd6177e58"
"frontend\public\photo\sec-sn.png","12949","d5de245fad3d02a420f13e41b512a8b4f1eb0f170de32284aa55e777ea7312f1"
"frontend\public\photo\sec-v01-v02.png","21830","789a3760f70d6941b54fa8a567c5501c0e02c7f12fd991843b08929ed279d79a"
"frontend\public\photo\sec-wx.png","25558","935868513d6b0a10a3d5e771a708b01dd17b2534ca3d2fa7826eaf1dcb690d50"
"frontend\public\photo\sec-y.png","23974","07590e0a348a4db6f2994373e87e76e067b6027164545742a00cc54cd40729da"
"frontend\public\photo\shumoglush.png","1138965","a0b47e9586fb8beeca16b7779cb7f38e9278d41abd4b2859b81798e925098755"
"frontend\public\photo\shumoglushitel-rq.png","329635","ab1a36e81a5f13a1843333e6cbdde97799eae01ebca4a579e20d2392df15e9a4"
"frontend\public\photo\sotovUvlag.png","1625492","9d6ffbfa52b5b0360cbebd2a573e6beae73cb2a8b220730dfc7351594ef1c6c1"
"frontend\public\photo\special-fans\krv-du-dimensions.png","21131","5d895a022ef5bad17da95d178a8071efb3feec9dee87a19349d619d3d2db420d"
"frontend\public\photo\special-fans\kryshnye-ventilyatory-dymoudaleniya-vverh-krv-du\graph-01.png","37452","91980f888d0be6dfd3e29fa298060e82484a6ced4b8c22d315939576662c83bc"
"frontend\public\photo\special-fans\kryshnye-ventilyatory-dymoudaleniya-vverh-krv-du\graph-02.png","36068","0afc51487cafd3da1a42daeedb7ea8b9540775ba4544e3a3e7b273ff1ec53d82"
"frontend\public\photo\special-fans\kryshnye-ventilyatory-dymoudaleniya-vverh-krv-du\graph-03.png","36141","a2c3778d95ea652f460196bab73a10d4f5b37498c84bbc14dba6cc5c4b0b5144"
"frontend\public\photo\special-fans\kryshnye-ventilyatory-dymoudaleniya-vverh-krv-du\graph-04.png","37659","3bffea1ed3dd05f4b6761d254c6385a38a82942d6dc4d8f0fe7be708a7e76d31"
"frontend\public\photo\special-fans\kryshnye-ventilyatory-dymoudaleniya-vverh-krv-du\graph-05.png","38348","f797995b6f588eed37fdd97edbc6758af60d96bc2979fefd672d90c5c81b8716"
"frontend\public\photo\special-fans\kryshnye-ventilyatory-dymoudaleniya-vverh-krv-du\graph-06.png","35105","fdfd887c95926d9a82c156525e221e76700fd506a037201299296fad242fe15e"
"frontend\public\photo\special-fans\kryshnye-ventilyatory-dymoudaleniya-vverh-krv-du\graph-07.png","36221","8a2c3d1b2f20242ed0cb2954ee202d2fc5ed8a0dfbeab4a0cc9f857ad7a82b08"
"frontend\public\photo\special-fans\kryshnye-ventilyatory-dymoudaleniya-vverh-krv-du\graph-08.png","31977","03e1bd528bab186e9dd52ff2179834199d91cbe234e6396af56de91eefeae4ba"
"frontend\public\photo\special-fans\kryshnye-ventilyatory-dymoudaleniya-vverh-krv-du\graph-09.png","38153","5931a7cfc6468c20dbb9e2ea322a17a95e4b9222740f032623b0c5aaab335fd1"
"frontend\public\photo\special-fans\kryshnye-ventilyatory-dymoudaleniya-vverh-krv-du\graph-10.png","33880","5934a9bf4f5aa8d3925ff7d848803fc2370650d4166712378783f0e15a710546"
"frontend\public\photo\special-fans\kryshnye-ventilyatory-dymoudaleniya-vverh-krv-du\graph-11.png","36013","e64b67c4b30a7916be2ebe998c7361764777bfd3a650052085d662ce9b12f811"
"frontend\public\photo\special-fans\kryshnye-ventilyatory-dymoudaleniya-vverh-krv-du\graph-12.png","38002","f1f7ac2b4bd131fed1b879e37f78b8c6cb466ac89b497c46db4c8f0c61c987cf"
"frontend\public\photo\special-fans\kryshnye-ventilyatory-dymoudaleniya-vverh-krv-du\graph-13.png","32278","3903d26001fee2d5ccc3caa881e667e9ced33ef7e8bbf88d97d1d92376e60cfa"
"frontend\public\photo\special-fans\kryshnye-ventilyatory-dymoudaleniya-vverh-krv-du\graph-14.png","28953","8da57b1258558059633d9c24bed7c491146467822f1aa39ed5f7bcc8525e0c71"
"frontend\public\photo\special-fans\osevye-kryshnye-ventilyatory-podpora-rop-k\graph-01.png","37155","14e02701714bcaaeeeffb008b563714c3a2a4e379cd64c60b12ad4394521250b"
"frontend\public\photo\special-fans\osevye-kryshnye-ventilyatory-podpora-rop-k\graph-02.png","34762","61af9f49b401f57654de37069eca4023024fd205245e05783573917823bee317"
"frontend\public\photo\special-fans\osevye-kryshnye-ventilyatory-podpora-rop-k\graph-03.png","39704","9f579dba93fb3758103b2ac49b55de26c214ec357cd269aa02bb41341256fc15"
"frontend\public\photo\special-fans\osevye-kryshnye-ventilyatory-podpora-rop-k\graph-04.png","37266","fda1a38aa35a5a18c318acbc0cabb257e5c347a10637bce304399a812dc8fb62"
"frontend\public\photo\special-fans\osevye-kryshnye-ventilyatory-podpora-rop-k\graph-05.png","42112","9598ee2b7bbb11cb7ea11740f8e669b2a03f278c35db2f313f955e89d59a2670"
"frontend\public\photo\special-fans\osevye-kryshnye-ventilyatory-podpora-rop-k\graph-06.png","36591","46e50068ed03fb6707f2a1afbf6ca5cba816156d0915a0a72fd587a0dc6a689c"
"frontend\public\photo\special-fans\osevye-kryshnye-ventilyatory-podpora-rop-k\graph-07.png","38738","50682c58bc8d77254741822b5dff991a13caf58a0ecb32f2b387a777b5688491"
"frontend\public\photo\special-fans\osevye-kryshnye-ventilyatory-podpora-rop-k\graph-08.png","38885","d3cb2b2028cba8c97c2ec91fdc58280d8e68b50443a7529c9342739d52fbb911"
"frontend\public\photo\special-fans\osevye-kryshnye-ventilyatory-podpora-rop-k\graph-09.png","42184","bb05b87714df52621e4c9fb0fd4ef6e5a83ca809084d4f465a7ac087159ee76d"
"frontend\public\photo\special-fans\osevye-kryshnye-ventilyatory-podpora-rop-k\graph-10.png","42567","bc9ee21596abbec0b7b6861f1ff27594145be2f79f60c8265419af29ed28b762"
"frontend\public\photo\special-fans\osevye-kryshnye-ventilyatory-podpora-rop-k\graph-11.png","39074","03435c981e017381e1c8f174bed2f0c12dff58a4fa3c2912dd5b28b2cd232d70"
"frontend\public\photo\special-fans\osevye-kryshnye-ventilyatory-podpora-rop-k\graph-12.png","37396","7f08988b6d4d734e0badabbcd3287b2526e450ea1629f47da47adc03af437f51"
"frontend\public\photo\special-fans\osevye-kryshnye-ventilyatory-podpora-rop-k\graph-13.png","40240","f25de9e5936163b0ed23b58cefaca991e60a482996baa7c59d46f42f556928a5"
"frontend\public\photo\special-fans\osevye-kryshnye-ventilyatory-podpora-rop-k\graph-14.png","36792","39390a7840934095504ba49509b83d7ddfe56710a61d7a501c0a998515aab2c9"
"frontend\public\photo\special-fans\osevye-ventilyatory-podpora-rop\graph-01.png","36787","7fc8e049c4883aacbf5bd73edcf901567ca36d5f407a4d22fe6925f85bab2ea3"
"frontend\public\photo\special-fans\osevye-ventilyatory-podpora-rop\graph-02.png","32883","3648325d2db76101b0f27696606fbbb764c4de2cf0e52eb3388c03dfedd6b679"
"frontend\public\photo\special-fans\osevye-ventilyatory-podpora-rop\graph-03.png","37974","8b7efcb4a5fbf03d716fcfa09530963fd43beeadd76b795f10ad04b7425130cd"
"frontend\public\photo\special-fans\osevye-ventilyatory-podpora-rop\graph-04.png","38379","5836ea29db56fb8cd58493aca61b19a725687752b2fe8778d22a32e30425c4a1"
"frontend\public\photo\special-fans\osevye-ventilyatory-podpora-rop\graph-05.png","38298","ecc71f1d2ebc5942003a5db5d05936565bb11c334cf9ddfe58cffc5eaa04b0f0"
"frontend\public\photo\special-fans\osevye-ventilyatory-podpora-rop\graph-06.png","34789","d4fea55ee20569d691ee4340ec7720c0afd3d4d9d27dfcf0845b8b91a0d827f0"
"frontend\public\photo\special-fans\osevye-ventilyatory-podpora-rop\graph-07.png","35987","30ef76477784a5c55eebdc2feae87db9e2bb2b54941f2acdab351d17b575977f"
"frontend\public\photo\special-fans\osevye-ventilyatory-podpora-rop\graph-08.png","38107","8dfd81b20f059207979b4ba579ae06ea1c78aa3fbe5f527fbae8fe5d54abcc0a"
"frontend\public\photo\special-fans\osevye-ventilyatory-podpora-rop\graph-09.png","41791","d1daa7d129e3524bb1a33867a009e261e149b16f5e613fb7f75627d38cad436b"
"frontend\public\photo\special-fans\osevye-ventilyatory-podpora-rop\graph-10.png","42565","8e1df46c9cc7fd7be1c3eb37917c2897adaf7251c21ba7abccb486d52a4417e6"
"frontend\public\photo\special-fans\osevye-ventilyatory-podpora-rop\graph-11.png","39164","53dc8dcaa41109a0b453fd44eec65b2781bcd210c21345eb8490a63d0533054a"
"frontend\public\photo\special-fans\osevye-ventilyatory-podpora-rop\graph-12.png","35598","c361ddec3cb67bb62cf1040e665471d15921aabd50c2ddea551f698f9a81e9e6"
"frontend\public\photo\special-fans\osevye-ventilyatory-podpora-rop\graph-13.png","39439","0a3126ebc06668c72e26f0d443729c1448de14d3c9d323f77d42b622406a9464"
"frontend\public\photo\special-fans\osevye-ventilyatory-podpora-rop\graph-14.png","35612","2ddf23105d0dee729ca143af82e4360b5ffe2ac498296b94046d897746a99cb3"
"frontend\public\photo\special-fans\rop-dimensions.jpg","68391","a96dd00943d860c719c6e747aa784b7b0ffe055a0cb41d3b04cdbebfe6b1938a"
"frontend\public\photo\special-fans\rop-k-dimensions.png","71244","071a8b7b436efa65c9e03777307548d048a38444075e190920b71938cd225f7c"
"frontend\public\photo\ventilyator-vr.png","1139641","98c8b59df6eaa80ad2e2d8870e7dccf63913773efe78c1ff2fb32b8f56f61867"
"frontend\public\photo\ventilyator-wr.png","196633","648ab77b23c89feeb1aa64910497f62db2e9b8c193328c3e25dde9af7c688cea"
"frontend\public\photo\ventilyator-wrn.png","153616","66b37525fdc597dfa4f680c2998475252f3b1829897623e77c863deb276fdb32"
"frontend\public\photo\vent-krv.png","229784","5a0b760504df069ed0562b577f116c976a5a2b7e8ee67b7b79308c918b21ef0a"
"frontend\public\photo\vent-krv-v.png","183957","d7de76d47658e3b8d5a663c1a0423d46efd88c85a8ed65044cb8fb716dd8950a"
"frontend\public\photo\vent-rr.png","156622","ae893d2acff34baa0b9cb0be0e040c97f1466ae06b9485973f38a8d9e0d8a134"
"frontend\public\photo\vodyanoyNagrev.png","1293170","6af92643bb35a37eaf24366508eb67b98087b83276a326dd6c74339d80427ae5"
"frontend\public\photo\vodyanoyOhlad.png","804565","00258f71f778a7405f08e91935188652ad8762c8c513439390ed58dbcf209f5d"
"frontend\public\photo\vodyanye-vozduhonagrevateli-rw.png","350689","483e7e66a2cb82a1be091badef91eceeaf6b7394c703062573e644b4d332bfca"
"frontend\public\photo\vodyanye-vozduhoohladiteli-rsw.png","171877","10b65a7f0c4dd301f162e6daa085bf3ef35e7c0b3f2f22d21b407aba04fc2715"
"frontend\public\photo\vozduhonagrevatel-elektricheskij-re.png","98190","32c8ec39be66bed5410cded434b12199a1f781f1070e24659185d5df4c760bae"
"frontend\public\photo\vozduhonagrevatel-vodyanoj-rw.png","183385","318ef2ea20d885f9d6efedc49fe16509fcdfbd9b4d16967bf781c49f51be94b4"
"frontend\public\photo\vozdushnye-filtry-karmannye-rk.png","119107","fe23365b2b1908770779ede05132d7d5b0a282024ab8dd262c0749c289c8cd4c"
"frontend\public\photo\vozdushnye-filtry-karmannye-ukorochennye-rku.png","150324","ea0c72998d49f7de31b3afa21ea9ac7e2103ed3ba4b207cc36dffb50b71a7149"
"frontend\public\photo\vr-dimensions.jpg","23063","985e1a1497c2f4179ceacb6ef80459fd097fbeb9a8ad3cfcaf8a706a7761870b"
"frontend\public\photo\wr-dimensions.png","21398","ad16af68a2ac50afb8690ba9ae728d0950165cddf4a55e773dc11d42096e6758"
"frontend\public\photo\wrn-dimensions.jpg","45157","ffbc91518725c1c63f7805f2919c082dff260796d747309007a40bf0e01a5d31"
"frontend\public\photo\zaslonka-reguliruyushchaya-rkz.png","283907","710b9aac66b7e0b94edffc8870a32cc5b366ae0d2e88cbd60433c6547b3bce88"
"frontend\public\presentation\slides\slide-1.webp","262288","9b963c512527090c49855067b41f7ee1043425c844214f3e56708ebe1b83ebd9"
"frontend\public\presentation\slides\slide-10.webp","102742","e951888a265d85dfeee7e85500a9986d5d561c11d2614bf2b2d62ebb688cf9ea"
"frontend\public\presentation\slides\slide-11.webp","254164","6fbbbcb542aa6f66417a2dbeb6e41ed574bfc807cb3aa273236f374abbc7422c"
"frontend\public\presentation\slides\slide-12.webp","85542","5ba92f7ae0db5b7c77766d204937fbdf8e407bc722cc3819f7e34579a43d44b9"
"frontend\public\presentation\slides\slide-13.webp","44866","845ce574dde44bf5639595124c15b0b37c24445c51c05704ffe9eaa1e2acb146"
"frontend\public\presentation\slides\slide-2.webp","122472","a307c57bdf06958b8fa396050a5e44d18d7c30fa508839eda0c3c0119efa7dfc"
"frontend\public\presentation\slides\slide-3.webp","111542","14cbfeacd1b1a838a5a9e900e00a6d91b2e089f15028cbc237f49ebe63c804d8"
"frontend\public\presentation\slides\slide-4.webp","101134","b2cab6902636bdb118d45e7a58be22429131eec8037d645f0bf50afb82e87a5f"
"frontend\public\presentation\slides\slide-5.webp","128996","1f728fff62b0ca31bf0a419fa55a0c92d849498e6ef7bab29c7961e64c4719cf"
"frontend\public\presentation\slides\slide-6.webp","60234","1ccc5fd7611cfb660953650afe6b2fce4c92a9f2f8460fd4c2481cc984c4d0d8"
"frontend\public\presentation\slides\slide-7.webp","54208","b604e7f1541917b209219c28b31206137bb078864f503f553b88677ad5db4cbd"
"frontend\public\presentation\slides\slide-8.webp","23504","aa05dd5212d7139441bba65d60f998193698fbf849dc3708020ee2d12c2ae1cc"
"frontend\public\presentation\slides\slide-9.webp","85470","ebcb418bb34aefdd2b8f5fa798417d02f8523970fd152a5692ceea7296fc10be"
"frontend\public\recommendations\recommendation-npp-ngk.png","802715","fd1b87b9acd1e8d59e9f98053a8ac7c2ad06d0390953ae7b012af3fe469049b9"
"frontend\public\recommendations\recommendation-stg.png","769548","94978472f0f33eea76e91449695f76d64c0a7ef88099796533e7cd66f6c06394"
"frontend\public\recommendations\recommendation-tsk.png","771569","eefc853f34f8f00841bf898df0a9486a526c980aee77554a02340524466eb7fa"
"frontend\public\recommendations\stankoremservice.png","107433","76560951cf573610f079e37d55f067c9fee2c877e33d4663742b28860abb562a"
"frontend\README.md","1278","fa8aac78b8be1993010b57f41000a243ecba006f6731513fe4ec91e788bf2517"
"frontend\src\App.tsx","3669","78a8011a2d662aaf39bd404ff49d5086d4211d0186226c1d23b5d3521bb632c0"
"frontend\src\assets\hero.png","13057","881ffbcaafc212e49addad08846a5b82761355fa20624253af3477ba33262c5c"
"frontend\src\assets\react.svg","4126","35ef61ed53b323ae94a16a8ec659b3d0af3880698791133f23b084085ab1c2e5"
"frontend\src\assets\vite.svg","8709","5be21acd42eb7b896e517f4e0f0f11eb5c5d9e54fbbcebe9453f033008fcca6f"
"frontend\src\catalog.css","14660","cbe6111735af0213f021e3f098fc999b1a77ea6c00cc0094d2671b18bcc11cfd"
"frontend\src\components\CentralSections.tsx","1258","43e440841efef0862ed0f5eeff6daed5e856e0b838e51ccf7943214eb48ddadb"
"frontend\src\components\ChannelRectCards.tsx","2972","0605f0c5829016d94b8ea5ff791a5516146b180b650c1d35a62c7197a9e068fd"
"frontend\src\components\ChannelRoundCards.tsx","2240","b8ef616863bf99bb7a70c8b5f114d8994f802e96a2efc2e4e3ff76fcf58d5eaf"
"frontend\src\components\ChatWidget.css","4216","128950af30eabd7e5eb3b8f4e137e417fec71fcb7ad2ddaeb5a523c742f51b5c"
"frontend\src\components\ChatWidget.jsx","10497","6eb87e3e630bbadc5f4f354a5ca4bfd15578b8819d7fb3dca11d978d528b58d4"
"frontend\src\components\Details23Cards.tsx","3598","b74aad4cebe839890d0d550f881f44c37d61d9205a05a6cb2f4477d4dad26e3a"
"frontend\src\components\DuctProductCards.tsx","1821","f9607e5c949443ad9bf2da16da61ed8a306ff5c4871d1586de4cdc6c976e70ba"
"frontend\src\components\DuctSections.tsx","1673","342faa85bd81c78b7e4d75ce756b5c90abdc81c0d56c7d9dc13a0a4d828616c2"
"frontend\src\components\FloatingToc.tsx","2066","07f8785ef2cfc1f21cc37c3bd2a88ed5c6cd819bd0220615793f673caa73a982"
"frontend\src\components\Footer.tsx","1264","fc934c4c572193446968ef0ca18f35fa5a7ae4f4a5a6503fe03aa5c3df3ef863"
"frontend\src\components\Header.tsx","6008","d45d84187fb0ddb188281004c444fbed2ec08be707f66fa3f9effdd711a6a136"
"frontend\src\components\rich.tsx","5925","6eb7394e335757e78909a63fda09f36c7eaaeb8109ac359deea1490ad7bf65cd"
"frontend\src\components\SafeHtml.tsx","539","002f4c40d46c0a359fa59a4fd173b3f27eb261d77a4cee66cf7833c436d7eae4"
"frontend\src\components\ScrollToTop.tsx","374","bba1144925839a208f22584a3bca997c56a9d95f18f4d108a24ad617209ff3cf"
"frontend\src\components\ThemeToggle.tsx","1429","dcd5c5443cc5c232f239f94acb1f68219948472159325460033aa99b5ae16cd8"
"frontend\src\data\benefits.ts","947","f0365bffb0b6f2417fe68f396d10baf3a1fe609a836a13c7d060e58b1b8cd186"
"frontend\src\data\bim.ts","11449","bf678dec371b98e93c9f5a2ccaecd3c0f389ac3a5af3d52d14d9d05b661a3063"
"frontend\src\data\catalog.ts","125751","769d045ef1633a60464a61844c601983f222ee38c522029623399afb75e17f16"
"frontend\src\data\central-sections.ts","149068","ea57d5526abb8ed8ad9b75eb79c725d29198f70727047fe8ecaea9c84d732670"
"frontend\src\data\dim-tables.ts","89961","5541764ad8f0b1f73820dc9a003dca7f14c4275ee19f667eca665716b3c9d0e5"
"frontend\src\data\duct-families.ts","1769","6494a590eb6b2b5ad3a1662986b897665990b7b46dbe05da5959036d4c3a87a3"
"frontend\src\data\duct-products.generated.ts","87804","913f9125b9c5953bdb2cd81be32f18ddd97ece2e7e311ca3b8e7e7ccd569a34b"
"frontend\src\data\extra-tables.ts","230665","74b57d4e8a37e32f9eabb8a4100118f00c28c68f54fc5dd340682009b378ced2"
"frontend\src\data\raw-tables.ts","280620","c75c5c747e1af74e6673183f468dcb31f742c42426d73927a1a818a3dcf23eaf"
"frontend\src\data\special-fans.generated.ts","187793","ccfb8e4a36d260ae9031d2f49c2783ed03cdb36b15e732299dab239826bd5765"
"frontend\src\home-sections.css","4911","348235e4ab9a6bf2d23030e52e456c2ce1ea84e69ce1da969a9af61910c1feae"
"frontend\src\index.css","145","ab7f088111e6dde5d40c67609dbe858203e2abb89d9b1faf7077cc36ed2df81b"
"frontend\src\layout.css","5921","2fde45a94c8ccfecc5a473a931c59090dad34a38a8a4657ae344800b2c1292ee"
"frontend\src\main.tsx","230","6e9e5807fcbd48b75a96db5cbef36c996262196be42e6d4760dc86babbe61ad2"
"frontend\src\pages\About.tsx","7111","bafed6f7b44e6cf6fbb8ede6753085bbbc715cf02b80404033fcfd4ff08c3a62"
"frontend\src\pages\BimLibrary.tsx","1950","58a6a5cb345e844ca612ec49b891da210ce3e89794f255aefb331881fad5bbc9"
"frontend\src\pages\Careers.tsx","3049","e43e8f8133670d68a457e69f8c969c043b4c27b3e0b20b35914b551710f4e298"
"frontend\src\pages\Catalog.tsx","3517","dd3c326256f70895aef89b826d1aead0aee7c7b7fab23883010cbfc2cf2bf576"
"frontend\src\pages\CentralSectionPage.tsx","6847","eb3a346078e22c010368074555fe4e8845384201d7ec1e8a65712649562572b9"
"frontend\src\pages\Certificates.tsx","4438","0e491b66b1e3b6dafd35e79ccd5b9990a6282e3525739a9bcc2998ff89699361"
"frontend\src\pages\Contacts.tsx","1539","1cd08804b20f628199afbb6115d0a925f02b462e63efeca58f81b1217de73685"
"frontend\src\pages\ForContractors.tsx","12401","6dad925ae59fc1b465ec6116c0488b56a3fe8eedbc6a29831465005e75c594b7"
"frontend\src\pages\ForDesigners.tsx","2932","85caa5f488498333cf632e96bc1fd0051392bfd3402b40b0e91dabb08c9f5941"
"frontend\src\pages\Home.tsx","7241","a7df61b5afb8d685c6639797497d3b322c66b0406422ebf1bc02f39d7a5a657e"
"frontend\src\pages\News.tsx","5500","ff0f5574af68ed2fe3daa24cbef826afd0075a8d0b941a3fb53a1e4a6b856afd"
"frontend\src\pages\NotFound.tsx","812","90f7551d6ed125f66635954a078340ba49ee04a9c2fd7f48d77ea5c562433388"
"frontend\src\pages\Privacy.tsx","12574","ef579a2f5567bd971c5ac0300d2eb9ca7e3f65e1f509d1b74d1fd2638b56b7bb"
"frontend\src\pages\Production.tsx","4106","4d2e2ecac7daaf1846b84bcc3d1a64da45ce0564716a4bb4714cd527bd262f07"
"frontend\src\pages\ProductPage.tsx","570","3feb8eab88a49b7c9f161c116c047c52cb73e64ac166562b97ed05974b784a29"
"frontend\src\pages\ProductView.tsx","19338","89c68340e3ef5572872cb9a7e4612c7d78f5c85f371e6d2f37859bf9265f1bea"
"frontend\src\pages\Projects.tsx","12334","dfe05c728de7dd4730259bc903b7ed5a8abd0e99ae05bea06d494401860cc218"
"frontend\src\pages\Questionnaires.tsx","2223","1eb2586b382459d839d4cc9b500f57d76d94ef5ef3b1c100bf04ab2fb133e087"
"frontend\src\pages\Recommendations.tsx","1562","34f185e3c80f0360d585d6b2bb666578a8b31a16bf0d764d646129357ce0f35e"
"frontend\src\pages\RequestForm.tsx","3310","1392df146e87fb8bdc0972799853c6f41c5e54ea280723e49a464375b38be925"
"frontend\src\pages\Requisites.tsx","2493","d6ebecbee40b18bf5eae811ede290d3cb29d30e686e5ff262515730b373e80e1"
"frontend\src\pages\Services.tsx","2513","c05bb34020449a7a7e01499ab759fc66c6aa5905f0134f71327a02f8248f1f25"
"frontend\src\pages\TechSheets.tsx","8020","ac1bedf850ab1152a718c1f7e8a20a454b853398164f2cf0b4fee7d1973e3076"
"frontend\src\rich.css","33305","27f816a9f4a198a80dc80cd7a9d0490749de3a514187e18b15c436f70c5dbff7"
"frontend\src\rik-20260722-fixes.css","1294","165ba7dcc16a565c91eab08b28c8da7b0f72a180ac7eb1d2cfd54459774fdb43"
"frontend\src\router.tsx","5632","9a64328fc59357a0c12cb4893a67412d9169ae77b800e84933debf1c855fe6c9"
"frontend\src\theme.css","2217","0cb804c5ddeac6ac6595285b8f768e88f2dc24dcba8ad61b058aafc3d294001b"
"frontend\tools\generate-duct-products.ps1","10396","132ecc6b54a05a347beb3b32fde658a5addded866f6ce1663558deb29a249ad0"
"frontend\tsconfig.app.json","767","e9123499db649f7ae0b0d3ec937c838514ba4779278cf1b6848d18e1e7f33f7b"
"frontend\tsconfig.json","119","770b4140bbb581e2dfd9ea9946ffc9c75a1d86ba7d2db5f77c83e37cbdf9d808"
"frontend\tsconfig.node.json","558","d366cc0827139db39c61815f22491bbfda56c654354a42ad7795143d314e45e8"
"frontend\vite.config.ts","1469","60af26744dc4d5d02caa78e9233d585b4759d71fcb58a26074e031879240b3bf"
"GENERATE-MANIFEST.ps1","1104","90839121a6ce63a0b7b4fae7dd093c4265e72295d8c592034dbee7d91b90cdf2"
"INSTALL.ps1","1760","f2da0c8ee69c425e3063839cf023e1a331425514193b5d16912f37732c96aa78"
"README-FIRST.md","2027","40ada141e49e6820edb763ee4e28a5d7e8e72a898220d68ba52b2e6b5073bf1e"
"SECURITY.md","622","f62e309f4ea78434aad2c9cf27f0e29962de3a9c78389693124515de39904581"
"START-DEV.ps1","3949","8ca282be2a5a45c84a8af578480d8d377558400b49229331a6e3b89998c92bcb"
"STOP-DEV.ps1","1481","d1398ff89249c83e9fa12925728e546305630ca00b1453452a4d24c7500e79fb"
"TIMEWEB-DEPLOY.md","2288","eda7e9da3e49c101ce8d9fdd69ca395e18953efd8f114915f1b20cbf936897fa"
"VERIFY.ps1","1243","8e2bde90187c2a24338a5b8e973d3cc7e7f2f31eebf8b6382c9bc99aca64cfa4"
"VERIFY-MANIFEST.ps1","2469","85f403577f7a5f5eaf009ddb1305a2c087e775f58a23f823d269f52623d2434d"
